anime_id,title,title_english,title_japanese,title_synonyms,image_url,type,source,episodes,status,airing,aired_string,aired,duration,rating,score,scored_by,rank,popularity_rank,members,favorites,background,premiered,broadcast,related,producer,licensor,studio,genre,opening_theme,ending_theme,duration_min,aired_from_year,weighted_avg,popularity_score,normalized_weight,normalized_popularity,normalized_fav,final_score
9366,Kaichou wa Maid-sama!: Omake dayo!,Maid Sama!: Omake dayo,会長はメイド様！おまけだよ！,"Kaicho wa Maid-sama! Special, Kaicho wa Maidsama! Special, Kaichou wa Meido Sama Special, Class President is a Maid! Special",https://myanimelist.cdn-dena.com/images/anime/3/29438.jpg,Special,Manga,1,Finished Airing,False,"May 11, 2011","{'from': '2011-05-11', 'to': '2011-05-11'}",13 min.,PG-13 - Teens 13 or older,7.56,36382,1463.0,1212,67104,162,,,,"{'Parent story': [{'mal_id': 7054, 'type': 'anime', 'url': 'https://myanimelist.net/anime/7054/Kaichou_wa_Maid-sama', 'title': 'Kaichou wa Maid-sama!'}]}",,Sentai Filmworks,J.C.Staff,"Comedy, School, Shoujo","['""My Secret"" by Saaya Mizuno (水野佐彩)']","['""∞ Loop (∞ループ)"" by heidi.']",13.0,2011.0,7.5584751060975615,5968,0.7667187028259619,0.9749426504323275,0.46814163431404654,0.7292349858988709
8062,Mai-HiME: Kuro no Mai/Saigo no Bansan,,舞-HiME: 黒の舞／最後の晩餐,"Mai-HiME Bluray Special, Mai-HiME: The Black Dance/The Last Supper",https://myanimelist.cdn-dena.com/images/anime/11/19697.jpg,Special,Original,1,Finished Airing,False,"Jan 27, 2010","{'from': '2010-01-27', 'to': '2010-01-27'}",4 min.,PG-13 - Teens 13 or older,6.83,1937,4197.0,5042,4595,4,,,,"{'Parent story': [{'mal_id': 98, 'type': 'anime', 'url': 'https://myanimelist.net/anime/98/Mai-HiME', 'title': 'Mai-HiME'}]}",,,Sunrise,Comedy,[],"['""Shining Days"" by Minami Kuribayashi']",4.0,2010.0,6.838526666986382,1691,0.8608749666194004,0.8944767954826187,0.23066560643622247,0.6553857316176197
3675,Andromeda Stories,,アンドロメダ・ストーリーズ,Gemini Prophecies,https://myanimelist.cdn-dena.com/images/anime/8/75156.jpg,Special,Manga,1,Finished Airing,False,"Aug 22, 1982","{'from': '1982-08-22', 'to': '1982-08-22'}",1 hr. 25 min.,PG-13 - Teens 13 or older,5.97,318,7401.0,8226,1027,2,,,,"{'Adaptation': [{'mal_id': 2104, 'type': 'manga', 'url': 'https://myanimelist.net/manga/2104/Andromeda_Stories', 'title': 'Andromeda Stories'}]}",,,Toei Animation,"Action, Drama, Fantasy, Sci-Fi, Space",[],"['""Eien no Ichibyou (永遠の1秒)"" by STEVANY']",85.0,1982.0,6.217293829309227,376,0.8912842447617706,0.8521263455090877,0.1824313578745498,0.6355278428879848
33164,Musaigen no Phantom World: Limitless Phantom World,,無彩限のファントム・ワールド Limitless Phantom World,"Myriad Colors Phantom World: Limitless Phantom World, Musaigen no Phantom World Picture Drama Specials",https://myanimelist.cdn-dena.com/images/anime/9/79855.jpg,Special,Light novel,7,Finished Airing,False,"Apr 6, 2016 to Oct 5, 2016","{'from': '2016-04-06', 'to': '2016-10-05'}",6 min. per ep.,PG-13 - Teens 13 or older,6.33,3949,6273.0,3327,12802,13,,,,"{'Parent story': [{'mal_id': 31442, 'type': 'anime', 'url': 'https://myanimelist.net/anime/31442/Musaigen_no_Phantom_World', 'title': 'Musaigen no Phantom World'}], 'Other': [{'mal_id': 33075, 'type': 'anime', 'url': 'https://myanimelist.net/anime/33075/Musaigen_no_Phantom_World_Special', 'title': 'Musaigen no Phantom World Special'}]}","Lantis, Pony Canyon",Funimation,Kyoto Animation,"Comedy, Supernatural, Fantasy",[],[],6.0,2016.0,6.346638384947211,2994,0.8232110225206435,0.9106229045350274,0.16794985733663878,0.6275886488494622
32122,Gintama°: Umai-mono wa Atomawashi ni Suru to Yokodorisareru kara Yappari Saki ni Kue,,銀魂 〜美味いモノは後回しにすると横取りされるからやっぱり先に食え〜,Gintama: Jump Festa 2015 Special,https://myanimelist.cdn-dena.com/images/anime/9/77240.jpg,Special,Manga,1,Finished Airing,False,"Nov 3, 2015","{'from': '2015-11-03', 'to': '2015-11-03'}",12 min.,PG-13 - Teens 13 or older,8.14,7075,380.0,3165,14220,32,,,,"{'Parent story': [{'mal_id': 28977, 'type': 'anime', 'url': 'https://myanimelist.net/anime/28977/Gintama°', 'title': 'Gintama°'}]}","TV Tokyo, Dentsu",,Bandai Namco Pictures,"Action, Comedy, Historical, Parody, Samurai, Shounen","['""Beautiful Days"" by OKAMOTO&#039;S']","['""Glorious Days (グロリアスデイズ)"" by THREE LIGHTS DOWN KINGS']",12.0,2015.0,8.124162901832928,3159,0.8637272014545685,0.8110993470972296,0.0916319753028673,0.5829313128720396
36497,Overlord: Ple Ple Pleiades Theatrical Version,,劇場版ぷれぷれぷれあです,Overlord Movie Specials,https://myanimelist.cdn-dena.com/images/anime/9/88121.jpg,Special,Light novel,2,Finished Airing,False,"Sep 13, 2017","{'from': '2017-09-13', 'to': '2017-09-13'}",13 min. per ep.,PG-13 - Teens 13 or older,6.94,1499,3791.0,4555,5979,2,,,,"{'Other': [{'mal_id': 29803, 'type': 'anime', 'url': 'https://myanimelist.net/anime/29803/Overlord', 'title': 'Overlord'}, {'mal_id': 31138, 'type': 'anime', 'url': 'https://myanimelist.net/anime/31138/Overlord__Ple_Ple_Pleiades', 'title': 'Overlord: Ple Ple Pleiades'}]}",,,Madhouse,"Action, Comedy, Magic, Fantasy",[],[],13.0,2017.0,6.943983002283463,1985,0.8072633293353015,0.8493912122816305,0.0894429112680668,0.5762121594520496
594,Naruto: Takigakure no Shitou - Ore ga Eiyuu Dattebayo!,Naruto: The Lost Story - Mission: Protect the Waterfall Village,滝隠れの死闘　オレが英雄だってばよ!,"Battle at Hidden Falls. I am the Hero!, Naruto OVA 2, Naruto: Jump Festa 2004",https://myanimelist.cdn-dena.com/images/anime/11/20921.jpg,Special,Manga,1,Finished Airing,False,"Dec 20, 2003","{'from': '2003-12-20', 'to': '2003-12-20'}",40 min.,PG-13 - Teens 13 or older,6.84,35543,4157.0,1360,59577,269,,,,"{'Adaptation': [{'mal_id': 57095, 'type': 'manga', 'url': 'https://myanimelist.net/manga/57095/Naruto__Takigakure_no_Shitou_Ore_ga_Hero_dattebayo', 'title': 'Naruto: Takigakure no Shitou Ore ga Hero dattebayo!'}], 'Parent story': [{'mal_id': 20, 'type': 'anime', 'url': 'https://myanimelist.net/anime/20/Naruto', 'title': 'Naruto'}]}",,Viz Media,Studio Pierrot,"Action, Adventure, Comedy, Shounen, Super Power","['""Rise"" by Jeremy Sweet & Ian Nickus (English Version)']","['""Naruto Main Theme"" by Toshiro Masuda']",40.0,2003.0,6.840459243628517,5697,0.8825590268121908,0.810481736368449,0.05202301323728893,0.5758710462179165
5199,Seto no Hanayome Fan Disc,,瀬戸の花嫁,,https://myanimelist.cdn-dena.com/images/anime/13/22428.jpg,Special,Manga,2,Finished Airing,False,"Sep, 2008","{'from': None, 'to': None}",6 min. per ep.,PG-13 - Teens 13 or older,7.18,1708,2904.0,4616,5737,4,,,,"{'Parent story': [{'mal_id': 2104, 'type': 'anime', 'url': 'https://myanimelist.net/anime/2104/Seto_no_Hanayome', 'title': 'Seto no Hanayome'}]}",AIC,,Gonzo,"Comedy, Parody, School",[],[],6.0,2008.0,7.17024824151065,1953,0.885470782241397,0.816393153343921,0.02172225080686655,0.568783441509421
36519,Koikishi Purely☆Kiss The Animation: Special Edition,,恋騎士 Purely☆Kiss THE ANIMATION ~Special Edition~,,https://myanimelist.cdn-dena.com/images/anime/10/88308.jpg,Special,Visual novel,1,Finished Airing,False,"Jun 30, 2017","{'from': '2017-06-30', 'to': '2017-06-30'}",41 min.,PG-13 - Teens 13 or older,6.51,124,5561.0,8844,733,1,,,,"{'Alternative version': [{'mal_id': 18655, 'type': 'anime', 'url': 'https://myanimelist.net/anime/18655/Koikishi_Purely☆Kiss_The_Animation', 'title': 'Koikishi Purely☆Kiss The Animation'}]}","Pink Pineapple, NHK",,Seven,Romance,[],[],41.0,2017.0,6.730396520764541,207,0.8448786207582049,0.7717487206634904,0.10421441601571636,0.5678777799543459
19255,Hyakka Ryouran: Samurai Bride Specials,,百花繚乱 サムライブライド,,https://myanimelist.cdn-dena.com/images/anime/13/52085.jpg,Special,Light novel,6,Finished Airing,False,"Jun 26, 2013 to Nov 27, 2013","{'from': '2013-06-26', 'to': '2013-11-27'}",3 min. per ep.,R+ - Mild Nudity,6.7,3296,4758.0,3986,8234,3,,,,"{'Parent story': [{'mal_id': 15377, 'type': 'anime', 'url': 'https://myanimelist.net/anime/15377/Hyakka_Ryouran__Samurai_Bride', 'title': 'Hyakka Ryouran: Samurai Bride'}]}","Genco, Lantis",Sentai Filmworks,Arms,"Ecchi, Comedy",[],[],3.0,2013.0,6.708942526693539,2413,0.8535433138377875,0.7860419975295572,0.06684129285747697,0.5631207793941911
10935,Hourou Musuko Specials,Wandering Son Specials,放浪息子,"Hourou Musuko Episode 10, Hourou Musuko Episode 11, The Transient Son Specials",https://myanimelist.cdn-dena.com/images/anime/7/30177.jpg,Special,Manga,2,Finished Airing,False,"Aug 24, 2011 to Sep 21, 2011","{'from': '2011-08-24', 'to': '2011-09-21'}",23 min. per ep.,PG-13 - Teens 13 or older,7.7,2401,1107.0,4512,6066,2,,,,"{'Adaptation': [{'mal_id': 585, 'type': 'manga', 'url': 'https://myanimelist.net/manga/585/Hourou_Musuko', 'title': 'Hourou Musuko'}], 'Other': [{'mal_id': 8426, 'type': 'anime', 'url': 'https://myanimelist.net/anime/8426/Hourou_Musuko', 'title': 'Hourou Musuko'}]}","Aniplex, AIC, Dentsu, Fuji TV, Magic Capsule, Enterbrain, Fuji Pacific Music Publishing",,AIC Classic,"Drama, School","['""Itsudatte (いつだって.)"" by Daisuke']","['""For You"" by Rie Fu']",23.0,2011.0,7.672158664794585,2020,0.8940980448621818,0.7668078348332451,0.04401515505870247,0.5626239414688627
28913,Hidamari Sketch x 365 Recap,,「ひだまりスケッチ×365」総集編,,https://myanimelist.cdn-dena.com/images/anime/4/71497.jpg,Special,4-koma manga,1,Finished Airing,False,"Dec 23, 2009","{'from': '2009-12-23', 'to': '2009-12-23'}",50 min.,PG-13 - Teens 13 or older,6.5,148,5603.0,9044,660,0,,,,"{'Full story': [{'mal_id': 3604, 'type': 'anime', 'url': 'https://myanimelist.net/anime/3604/Hidamari_Sketch_x_365', 'title': 'Hidamari Sketch x 365'}]}","Aniplex, Lantis",,Shaft,"Slice of Life, Comedy, School",[],[],50.0,2009.0,6.703100083271198,168,0.8463052446323285,0.7832186341979884,0.05758922306936714,0.5567473236268957
31683,Danchigai Special,,だんちがい,,https://myanimelist.cdn-dena.com/images/anime/2/76368.jpg,Special,4-koma manga,1,Finished Airing,False,"Sep 18, 2015","{'from': '2015-09-18', 'to': '2015-09-18'}",3 min.,PG-13 - Teens 13 or older,6.48,7140,5672.0,3459,11588,5,,,,"{'Parent story': [{'mal_id': 30127, 'type': 'anime', 'url': 'https://myanimelist.net/anime/30127/Danchigai', 'title': 'Danchigai'}]}",DAX Production,,Creators in Pack,"Slice of Life, Comedy",[],"['""Princess Durandal"" by Satsuki Nakano (Sayaka Horino)']",3.0,2015.0,6.487233262520893,2874,0.8028975413798325,0.8173636844891478,0.05970344730810609,0.5543883421484386
32561,Hai to Gensou no Grimgar Special,Grimgar: Ashes and Illusions Special,灰と幻想のグリムガル 「風呂の壁にかけた青春――one more センチメートル」,"Grimgar of Fantasy and Ash Special, Grimgal of Ashes and Illusion Special, Grimgal of Ashes and Fantasies Special, Hai to Gensou no Grimgal Special, Grimgar of Fantasy and Ash Episode 2.5, Grimgal of Ashes and Illusion Episode 2.5",https://myanimelist.cdn-dena.com/images/anime/11/78160.jpg,Special,Light novel,1,Finished Airing,False,"Mar 16, 2016","{'from': '2016-03-16', 'to': '2016-03-16'}",11 min.,PG-13 - Teens 13 or older,6.65,16293,4965.0,2146,29209,29,,,,"{'Adaptation': [{'mal_id': 56755, 'type': 'manga', 'url': 'https://myanimelist.net/manga/56755/Hai_to_Gensou_no_Grimgar', 'title': 'Hai to Gensou no Grimgar'}], 'Parent story': [{'mal_id': 31859, 'type': 'anime', 'url': 'https://myanimelist.net/anime/31859/Hai_to_Gensou_no_Grimgar', 'title': 'Hai to Gensou no Grimgar'}]}",,Funimation,A-1 Pictures,Comedy,"['""Knew day"" by (K)NoW_NAME']","['""Harvest"" by (K)NoW_NAME']",11.0,2016.0,6.652157556313748,4332,0.9041059693356954,0.7230457031939298,0.04863651246550354,0.5530101010483925
37341,Yuru Camp△ Specials,,ゆるキャン△,"Laid-Back Camp, Yurukyan, Yuru Camp△: Heya Camp Episode 0",https://myanimelist.cdn-dena.com/images/anime/1258/91059.jpg,Special,Manga,3,Currently Airing,True,"Mar 28, 2018 to Jul 25, 2018","{'from': '2018-03-28', 'to': '2018-07-25'}",5 min. per ep.,PG-13 - Teens 13 or older,7.78,1325,933.0,3290,13091,17,,,,"{'Parent story': [{'mal_id': 34798, 'type': 'anime', 'url': 'https://myanimelist.net/anime/34798/Yuru_Camp△', 'title': 'Yuru Camp△'}]}",,,C-Station,"Slice of Life, Comedy",[],[],5.0,2018.0,7.72552197940439,3028,0.8014470120469155,0.8080995235574379,0.04470742317227186,0.5459038063962864
18231,Vanquished Queens Specials,,ヴァンキッシュド・クイーンズ,Queen&#039;s Blade,https://myanimelist.cdn-dena.com/images/anime/8/48913.jpg,Special,Other,4,Finished Airing,False,"Mar 29, 2013 to Sep 30, 2014","{'from': '2013-03-29', 'to': '2014-09-30'}",6 min. per ep.,R+ - Mild Nudity,5.65,1295,8111.0,5534,3632,1,,,,"{'Parent story': [{'mal_id': 16363, 'type': 'anime', 'url': 'https://myanimelist.net/anime/16363/Vanquished_Queens', 'title': 'Vanquished Queens'}]}","Genco, Hoods Entertainment",,Arms,Ecchi,[],[],6.0,2013.0,5.747038581112013,1445,0.7768365704006628,0.8371272278101288,0.038018616399270316,0.5451541968213204
2617,Ghiblies,,ギブリーズ,,https://myanimelist.cdn-dena.com/images/anime/6/75924.jpg,Special,Original,2,Finished Airing,False,"Apr 8, 2000 to Jul 19, 2002","{'from': '2000-04-08', 'to': '2002-07-19'}",18 min. per ep.,PG - Children,6.57,1696,5325.0,5184,4283,3,"The first was aired during a TV special about Ghibli, the second shown in theatres alongside &#039;The Cat Returns&#039;. Note that the animation studio in these shorts is not spelled ジブリ (hepburn: &#039;jiburi&#039;), but ギブリ (hepburn: &#039;giburi&#039;), so pronounced with the hard &#039;gi&#039; of &#039;give&#039; rather than the &#039;ji&#039; of &#039;jigsaw&#039; used for Ghibli.(Source: AniDB)",,,[],,,Studio Ghibli,Comedy,[],[],18.0,2000.0,6.594147450251257,1615,0.8824407571844746,0.7222516322569261,0.04303288273539455,0.5437493398183425
9857,Bakusou Kyoudai Let&#039;s & Go Special,,爆走兄弟レッツ&ゴー!! レッツ&ゴースペシャル ミニ四駆レーサー大集合!!,"Bakuso Kyodai Let&#039;s & Go Special, The Racing Brothers Special",https://myanimelist.cdn-dena.com/images/anime/13/27281.jpg,Special,Manga,1,Finished Airing,False,"Dec 30, 1996","{'from': '1997-12-30', 'to': '1997-12-30'}",1 hr. 35 min.,G - All Ages,6.48,166,5669.0,9515,503,1,,,,"{'Parent story': [{'mal_id': 2705, 'type': 'anime', 'url': 'https://myanimelist.net/anime/2705/Bakusou_Kyoudai_Lets___Go', 'title': 'Bakusou Kyoudai Let&#039;s & Go'}]}",,,"Production I.G, Xebec","Adventure, Cars, Shounen, Sports",[],[],95.0,1997.0,6.676875265606229,83,0.8289310255334317,0.777748367743074,0.02653070770382151,0.538959333323508
2520,Dragon Ball Specials,Dragon Ball Specials,ドラゴンボール,"Dragon Ball: Goku no Koutsuuanzen, Dragon Ball: Goku&#039;s Traffic Safety, Dragon Ball: Goku no Shouboutai, Dragon Ball: Goku&#039;s Fire Brigade",https://myanimelist.cdn-dena.com/images/anime/13/24380.jpg,Special,Manga,2,Finished Airing,False,"Jun 8, 1988","{'from': '1988-06-08', 'to': '1988-06-08'}",12 min. per ep.,PG - Children,6.91,9271,3870.0,2783,18357,30,,,,"{'Parent story': [{'mal_id': 223, 'type': 'anime', 'url': 'https://myanimelist.net/anime/223/Dragon_Ball', 'title': 'Dragon Ball'}]}",,,Toei Animation,"Fantasy, Comedy, Super Power, Shounen",[],[],12.0,1988.0,6.910999767436907,3568,0.8825179317946961,0.7425445562025763,0.005182655877262735,0.5379808974785967
28227,White Album 2 Picture Drama,,ホワイトアルバム２　ピクチャードラマ「祭りの、ほんのちょっと前」,WA2 Picture Drama,https://myanimelist.cdn-dena.com/images/anime/5/71047.jpg,Special,Visual novel,2,Finished Airing,False,"May 28, 2014","{'from': '2014-05-28', 'to': '2014-05-28'}",6 min. per ep.,R+ - Mild Nudity,6.04,1158,7269.0,5535,3637,1,,,,"{'Parent story': [{'mal_id': 18245, 'type': 'anime', 'url': 'https://myanimelist.net/anime/18245/White_Album_2', 'title': 'White Album 2'}]}",Starchild Records,,Satelight,"Ecchi, Drama",[],[],6.0,2014.0,6.116604785891301,1442,0.7608928992090267,0.8169225339685902,0.04511904205061042,0.535568376825315
37031,Mahoutsukai no Yome Recap,,魔法使いの嫁 スペシャルダイジェスト,"Mahoutsukai no Yome Special Digest, The Magician&#039;s Bride Episode 12.5, Mahoutsukai no Yome Episode 12.5",https://myanimelist.cdn-dena.com/images/anime/9/89797.jpg,Special,Manga,1,Finished Airing,False,"Dec 31, 2017","{'from': '2017-12-31', 'to': '2017-12-31'}",24 min.,PG-13 - Teens 13 or older,7.37,1292,2152.0,4343,6658,20,,,,"{'Full story': [{'mal_id': 35062, 'type': 'anime', 'url': 'https://myanimelist.net/anime/35062/Mahoutsukai_no_Yome', 'title': 'Mahoutsukai no Yome'}]}","Production I.G, Shochiku, flying DOG, Mag Garden",,Wit Studio,"Slice of Life, Magic, Fantasy, Shounen",[],[],24.0,2017.0,7.343684497594293,2134,0.8347203497576483,0.764072701605788,0.007764628841386408,0.5301640344675915
12069,Hajime no Ippo: Boxer no Kobushi,Fighting Spirit Special,はじめの一歩 THE FIGHTING! ボクサーの拳,"Hajime no Ippo Episode 76, The First Step Special, Hajime no Ippo: The Fighting Special, Hajime no Ippo Special",https://myanimelist.cdn-dena.com/images/anime/2/84664.jpg,Special,Manga,1,Finished Airing,False,"Mar 21, 2003","{'from': '2003-03-21', 'to': '2003-03-21'}",23 min.,PG-13 - Teens 13 or older,8.2,16131,313.0,2258,26899,55,,,,"{'Adaptation': [{'mal_id': 7, 'type': 'manga', 'url': 'https://myanimelist.net/manga/7/Hajime_no_Ippo', 'title': 'Hajime no Ippo'}], 'Parent story': [{'mal_id': 263, 'type': 'anime', 'url': 'https://myanimelist.net/anime/263/Hajime_no_Ippo', 'title': 'Hajime no Ippo'}]}",VAP,Geneon Entertainment USA,Madhouse,"Comedy, Drama, Shounen, Sports","['""Tumbling Dice"" by Tsuneo Imahori']","['""360°"" by Naoya Mori']",23.0,2003.0,8.192629463412683,4182,0.7883989549460406,0.7842773954473267,0.03011366294026849,0.5289207044000999
34644,Brave Witches: Petersburg Daisenryaku,,ブレイブウィッチーズ　第13話「ペテルブルグ大戦略」,"Brave Witches Episode 13, Brave Witches Episode 7.5",https://myanimelist.cdn-dena.com/images/anime/8/83585.jpg,Special,Original,1,Finished Airing,False,"May 13, 2017","{'from': '2017-05-13', 'to': '2017-05-13'}",25 min.,R+ - Mild Nudity,7.0,1395,3560.0,4813,5183,10,,,,"{'Parent story': [{'mal_id': 32866, 'type': 'anime', 'url': 'https://myanimelist.net/anime/32866/Brave_Witches', 'title': 'Brave Witches'}]}",,,Silver Link.,"Action, Military, Sci-Fi, Magic, Ecchi",[],[],25.0,2017.0,7.00024670277676,1824,0.8693643192185729,0.6999294159167109,0.03147948921839188,0.528255164036713
17535,Fairy Tail Movie 1: Houou no Miko - Hajimari no Asa,,フェアリーテイル: 序章「はじまりの朝」,"Fairy Tail: Houou no Miko Prologue, Fairy Tail: Priestess of the Phoenix - The First Morning",https://myanimelist.cdn-dena.com/images/anime/8/50101.jpg,Special,Manga,1,Finished Airing,False,"Feb 15, 2013","{'from': '2013-02-15', 'to': '2013-02-15'}",12 min.,PG-13 - Teens 13 or older,7.49,25272,1663.0,1572,47965,124,,,,"{'Adaptation': [{'mal_id': 54697, 'type': 'manga', 'url': 'https://myanimelist.net/manga/54697/Fairy_Tail__Houou_no_Miko_-_Hajimari_no_Asa', 'title': 'Fairy Tail: Houou no Miko - Hajimari no Asa'}], 'Parent story': [{'mal_id': 6702, 'type': 'anime', 'url': 'https://myanimelist.net/anime/6702/Fairy_Tail', 'title': 'Fairy Tail'}], 'Sequel': [{'mal_id': 12049, 'type': 'anime', 'url': 'https://myanimelist.net/anime/12049/Fairy_Tail_Movie_1__Houou_no_Miko', 'title': 'Fairy Tail Movie 1: Houou no Miko'}]}",Dentsu,Funimation,"Satelight, A-1 Pictures","Fantasy, Magic, Shounen",[],"['""Zutto Kitto (ずっと きっと)"" by Aya Hirano']",12.0,2013.0,7.488083273713198,5272,0.8766480752876513,0.7023116287277219,0.01930866738388138,0.5274285625617541
27821,Fate/stay night: Unlimited Blade Works - Prologue,Fate/stay night: Unlimited Blade Works - Prologue,Fate/stay night [Unlimited Blade Works] プロローグ,Fate/stay night (2014) Episode 00,https://myanimelist.cdn-dena.com/images/anime/9/67425.jpg,Special,Visual novel,1,Finished Airing,False,"Oct 5, 2014","{'from': '2014-10-05', 'to': '2014-10-05'}",51 min.,PG-13 - Teens 13 or older,8.23,97351,285.0,526,152748,270,"Episode 0 was previewed at screenings in Osaka, Los Angeles, France, Germany, and Korea on September 28, 2014. Regular broadcasting was on October 5, 2014.",,,"{'Prequel': [{'mal_id': 11741, 'type': 'anime', 'url': 'https://myanimelist.net/anime/11741/Fate_Zero_2nd_Season', 'title': 'Fate/Zero 2nd Season'}], 'Sequel': [{'mal_id': 22297, 'type': 'anime', 'url': 'https://myanimelist.net/anime/22297/Fate_stay_night__Unlimited_Blade_Works', 'title': 'Fate/stay night: Unlimited Blade Works'}]}","Aniplex, Notes",Aniplex of America,ufotable,"Action, Supernatural, Magic, Fantasy",[],"['#1. ""ideal white"" by Ayano Mashiro', '#2. ""Unlimited Blade Works"" composed by Hideyuki Fukasawa']",51.0,2014.0,8.228741611893684,7779,0.8201984966103701,0.7476619022410447,0.014481500537911035,0.5221728267984775
6312,Taiho Shichau zo: Full Throttle Special,You&#039;re Under Arrest: Full Throttle Special,逮捕しちゃうぞ フルスロットル,You&#039;re Under Arrest Full Throttle Episode 0,https://myanimelist.cdn-dena.com/images/anime/9/22541.jpg,Special,Manga,1,Finished Airing,False,"Aug 22, 2008","{'from': '2008-08-22', 'to': '2008-08-22'}",21 min.,PG-13 - Teens 13 or older,7.13,674,3104.0,7019,1860,0,,,,"{'Adaptation': [{'mal_id': 1292, 'type': 'manga', 'url': 'https://myanimelist.net/manga/1292/Taiho_Shichau_zo', 'title': 'Taiho Shichau zo'}], 'Prequel': [{'mal_id': 3000, 'type': 'anime', 'url': 'https://myanimelist.net/anime/3000/Taiho_Shichau_zo__Full_Throttle', 'title': 'Taiho Shichau zo: Full Throttle'}]}",TBS,Sentai Filmworks,Studio Deen,"Action, Adventure, Comedy, Police","['""Mighty Buddy (マイティー・バディ)"" by AA-CHINO']","['""1/2"" by Chiaki Ishikawa']",21.0,2008.0,7.113680646836249,791,0.8216405720707882,0.7280748191282866,0.031217549932176437,0.5217078705733129
37277,Beatless Intermission,,BEATLESS Intermission,"Beatless Recap, Beatless Episode 5.5, Beatless Episode 9.5, Beatless Episode 14.5",https://myanimelist.cdn-dena.com/images/anime/1709/90468.jpg,Special,Novel,0,Currently Airing,True,"Feb 17, 2018 to ?","{'from': '2018-02-17', 'to': None}",24 min.,PG-13 - Teens 13 or older,5.46,646,8429.0,5359,3913,7,,,,"{'Adaptation': [{'mal_id': 63717, 'type': 'manga', 'url': 'https://myanimelist.net/manga/63717/Beatless', 'title': 'Beatless'}], 'Full story': [{'mal_id': 36516, 'type': 'anime', 'url': 'https://myanimelist.net/anime/36516/Beatless', 'title': 'Beatless'}]}",,,Diomedea,"Action, Sci-Fi, Drama, Romance",[],[],24.0,2018.0,5.666928714009727,1528,0.8302902406710146,0.715987294865008,0.031376584498807245,0.5206258596114939
9754,Kuragehime: Eiyuu Retsuden☆,Princess Jellyfish Specials,海月姫 英雄列伝☆,"Kuragehime Heroes☆, Kuragehime Specials",https://myanimelist.cdn-dena.com/images/anime/6/27015.jpg,Special,Manga,4,Finished Airing,False,"Jan 28, 2011 to Apr 22, 2011","{'from': '2011-01-28', 'to': '2011-04-22'}",5 min. per ep.,PG-13 - Teens 13 or older,6.65,4508,4973.0,3504,11220,8,,,,"{'Adaptation': [{'mal_id': 70987, 'type': 'manga', 'url': 'https://myanimelist.net/manga/70987/Kuragehime_Gaiden__Barakura_-_Bara_no_Aru_Kurashi', 'title': 'Kuragehime Gaiden: Barakura - Bara no Aru Kurashi'}], 'Parent story': [{'mal_id': 8129, 'type': 'anime', 'url': 'https://myanimelist.net/anime/8129/Kuragehime', 'title': 'Kuragehime'}]}",Asmik Ace Entertainment,Funimation,Brain&#039;s Base,"Slice of Life, Comedy, Josei",[],[],5.0,2011.0,6.657675525314943,2839,0.867952667165286,0.6833421563437445,0.011375649001356472,0.5156812559284276
7782,Kämpfer Picture Drama,,けんぷファー ピクチャードラマ,"Kampfer Special, Kaempfer",https://myanimelist.cdn-dena.com/images/anime/6/25042.jpg,Special,Light novel,1,Finished Airing,False,"Dec 23, 2009","{'from': '2009-12-23', 'to': '2009-12-23'}",11 min.,PG-13 - Teens 13 or older,5.49,5765,8381.0,3470,11453,7,,,,"{'Parent story': [{'mal_id': 6205, 'type': 'anime', 'url': 'https://myanimelist.net/anime/6205/Kämpfer', 'title': 'Kämpfer'}]}",,,Nomad,Comedy,[],[],11.0,2009.0,5.515808835575662,2866,0.8332705670294598,0.7225163225692607,0.006744936620047711,0.5156355026521935
12447,Ben-To Picture Drama,,ベン・トー,"Ben-To Specials, Bento Specials, Ben-Tou Specials, Bento Picture Drama, Ben-Tou Picture Drama",https://myanimelist.cdn-dena.com/images/anime/13/34953.jpg,Special,Light novel,6,Finished Airing,False,"Dec 21, 2011 to May 16, 2012","{'from': '2011-12-21', 'to': '2012-05-16'}",9 min. per ep.,PG-13 - Teens 13 or older,6.15,2806,6924.0,3977,8265,3,,,,"{'Other': [{'mal_id': 10396, 'type': 'anime', 'url': 'https://myanimelist.net/anime/10396/Ben-To', 'title': 'Ben-To'}]}",AT-X,,David Production,Comedy,[],[],9.0,2011.0,6.179376744890316,2420,0.9125269401429899,0.6254632080465855,0.02333130642219,0.5152360800218827
8800,Senkou no Night Raid Specials,Night Raid 1931 Specials,閃光のナイトレイド,,https://myanimelist.cdn-dena.com/images/anime/3/26157.jpg,Special,Original,3,Finished Airing,False,"Jun 23, 2010 to Dec 22, 2010","{'from': '2010-06-23', 'to': '2010-12-22'}",23 min. per ep.,R - 17+ (violence & profanity),6.96,1913,3719.0,5248,4131,3,,,,"{'Parent story': [{'mal_id': 6973, 'type': 'anime', 'url': 'https://myanimelist.net/anime/6973/Senkou_no_Night_Raid', 'title': 'Senkou no Night Raid'}]}",Aniplex,Sentai Filmworks,A-1 Pictures,"Action, Historical, Military, Super Power","['""Yakusoku (約束)"" by MUCC']","['#01: ""Mirai e... (未来へ…)"" by HIMEKA (eps 1-2)', '#02: ""The Mission to Complete"" by Taro Hakase (ep 3)']",23.0,2010.0,6.962170303353828,1581,0.7825419810583707,0.740956414328569,0.02678329201552926,0.5115929568428147
32625,Okusama ga Seitokaichou! OVA: Okusama Gekijou,,おくさまが生徒会長！OAD「おくさま劇場」,"Okusama ga Seitokaichou! OVA Specials, My Wife is the Student Council President OVA: Wife Theater",https://myanimelist.cdn-dena.com/images/anime/12/78487.jpg,Special,Manga,7,Finished Airing,False,"Jan 27, 2016","{'from': '2016-01-27', 'to': '2016-01-27'}",34 sec. per ep.,PG-13 - Teens 13 or older,6.97,1609,3690.0,4624,5712,6,,,,"{'Other': [{'mal_id': 31980, 'type': 'anime', 'url': 'https://myanimelist.net/anime/31980/Okusama_ga_Seitokaichou_OVA', 'title': 'Okusama ga Seitokaichou! OVA'}, {'mal_id': 32634, 'type': 'anime', 'url': 'https://myanimelist.net/anime/32634/Okusama_ga_Seitokaichou__Okusama_Gekijou', 'title': 'Okusama ga Seitokaichou!: Okusama Gekijou'}]}",,,Seven,"Comedy, Shounen",[],[],0.5666666666666667,2016.0,6.971971223318464,1949,0.8418481381961405,0.6951649902946886,0.012451471069741336,0.5113233178549882
35805,Cinderella Girls Gekijou Specials,THE IDOLM@STER CINDERELLA GIRLS Theater,シンデレラガールズ劇場,"The iDOLM@STER Cinderella Girls Gekijou Specials, The Idolmaster Cinderella Girls Gekijou Specials",https://myanimelist.cdn-dena.com/images/anime/2/86432.jpg,Special,4-koma manga,2,Finished Airing,False,"Jun 28, 2017 to Jul 26, 2017","{'from': '2017-06-28', 'to': '2017-07-26'}",2 min. per ep.,PG-13 - Teens 13 or older,6.42,208,5910.0,7543,1434,0,,,,"{'Adaptation': [{'mal_id': 107016, 'type': 'manga', 'url': 'https://myanimelist.net/manga/107016/Cinderella_Girls_Gekijou', 'title': 'Cinderella Girls Gekijou'}], 'Parent story': [{'mal_id': 34257, 'type': 'anime', 'url': 'https://myanimelist.net/anime/34257/Cinderella_Girls_Gekijou', 'title': 'Cinderella Girls Gekijou'}], 'Sequel': [{'mal_id': 36942, 'type': 'anime', 'url': 'https://myanimelist.net/anime/36942/Cinderella_Girls_Gekijou_2nd_Season_Specials', 'title': 'Cinderella Girls Gekijou 2nd Season Specials'}]}",,,Gathering,"Slice of Life, Comedy",[],"['#1: ""Etude wa Ikkyoku dake (エチュードは1曲だけ)"" by THE IDOLM@STER CINDERELLA GIRLS LITTLE STARS! (ep 1)', '#2: ""SUNFLOWER"" by THE IDOLM@STER CINDERELLA GIRLS LITTLE STARS! (ep 2)']",2.0,2017.0,6.609509157958627,602,0.7666558311019109,0.7519851773425094,0.030441087048037798,0.5111970915125111
5419,Paniponi Dash!: Danjite Okonaeba Kishin mo Kore wo Saku,,ぱにぽにだっしゅ！ 断じて行えば鬼神もこれを避く,Pani Poni Dash! Special,https://myanimelist.cdn-dena.com/images/anime/6/11083.jpg,Special,Manga,1,Finished Airing,False,"Apr 15, 2009","{'from': '2009-04-15', 'to': '2009-04-15'}",31 min.,PG-13 - Teens 13 or older,7.62,3642,1310.0,4142,7533,3,,,,"{'Prequel': [{'mal_id': 490, 'type': 'anime', 'url': 'https://myanimelist.net/anime/490/Paniponi_Dash', 'title': 'Paniponi Dash!'}]}",,,Shaft,"Parody, Comedy, School","['""Kiiroi Vacances"" by Momotsuki Gakuen 1 Nen C Gumi']","['""Moonlight Love"" by Momotsuki Gakuen Icchinen de ~ Gumi']",31.0,2009.0,7.60352988258986,2287,0.7984965486824682,0.7255161461090525,0.023060012161466862,0.5105339932944859
24913,Bokura wa Minna Kawai-sou: Hajimete no,,僕らはみんな河合荘 初めての,"The Kawai Complex Guide to Manors and Hostel Behavior: First Time, Bokura wa Minna Kawaisou Special",https://myanimelist.cdn-dena.com/images/anime/12/71613.jpg,Special,Manga,1,Finished Airing,False,"Jan 30, 2015","{'from': '2015-01-30', 'to': '2015-01-30'}",24 min.,PG-13 - Teens 13 or older,7.74,15516,1012.0,2208,27903,28,,,,"{'Adaptation': [{'mal_id': 26769, 'type': 'manga', 'url': 'https://myanimelist.net/manga/26769/Bokura_wa_Minna_Kawai-sou', 'title': 'Bokura wa Minna Kawai-sou'}], 'Parent story': [{'mal_id': 21405, 'type': 'anime', 'url': 'https://myanimelist.net/anime/21405/Bokura_wa_Minna_Kawai-sou', 'title': 'Bokura wa Minna Kawai-sou'}]}",,Sentai Filmworks,Brain&#039;s Base,"Slice of Life, Comedy, Romance, School","['""Itsuka no, Ikutsuka no Kimi to no Sekai (いつかの、いくつかのきみとのせかい)"" by fhána']","['""My Sweet Shelter"" by Ritsu Kawai (CV: Kana Hanazawa), Mayumi Nishikino (CV: Rina Satou), Sayaka Watanabe (CV: Hisako Kanemoto)']",24.0,2015.0,7.7352848886175245,4244,0.7941584764320988,0.7363684489147697,0.0142008513026802,0.5097601662943511
30191,Durarara!!x2 Shou: Watashi no Kokoro wa Nabe Moyou,Durarara!! x2 Shou: My Heart Is in the Pattern of a Hot Pot,デュラララ!!×２ 承　第4.5話「私の心は鍋模様」,"Durarara!!x2 Shou OVA, Durarara!!x2 Shou Special, Durarara!!x2 Shou Episode 4.5",https://myanimelist.cdn-dena.com/images/anime/9/72248.jpg,Special,Light novel,1,Finished Airing,False,"Jul 22, 2015","{'from': '2015-07-22', 'to': '2015-07-22'}",23 min.,R - 17+ (violence & profanity),7.84,14000,811.0,1940,34770,38,,,,"{'Adaptation': [{'mal_id': 78183, 'type': 'manga', 'url': 'https://myanimelist.net/manga/78183/Durarara_Gaiden', 'title': 'Durarara!! Gaiden!?'}], 'Parent story': [{'mal_id': 23199, 'type': 'anime', 'url': 'https://myanimelist.net/anime/23199/Durararax2_Shou', 'title': 'Durarara!!x2 Shou'}]}",,Aniplex of America,Shuka,"Action, Mystery, Supernatural","['""HEADHUNT"" by OKAMOTO&#039;S']","['""Reflection (リフレクション)"" by Toshiyuki Toyonaga']",23.0,2015.0,7.834068710684487,4643,0.8230521394426249,0.698958884771484,0.01754993217643482,0.5080551156088795
34870,BanG Dream!: Asonjatta!,,BanG Dream！ 遊んじゃった！,"BanG Dream! Special, BanG Dream!: We Had Some Fun!",https://myanimelist.cdn-dena.com/images/anime/13/89692.jpg,Special,Manga,1,Finished Airing,False,"Nov 22, 2017","{'from': '2017-11-22', 'to': '2017-11-22'}",23 min.,PG-13 - Teens 13 or older,6.93,1366,3803.0,6053,2886,4,,,,"{'Other': [{'mal_id': 33573, 'type': 'anime', 'url': 'https://myanimelist.net/anime/33573/BanG_Dream', 'title': 'BanG Dream!'}]}",,,Xebec,"Music, Slice of Life","['""Tokimeki Experience! (ときめきエクスペリエンス！)"" by Poppin&#039;Party']","['""Nesshoku Starmine (熱色スターマイン)"" by Roselia']",23.0,2017.0,6.935026480662522,1177,0.7782398259655225,0.7416622551614611,0.010056597595771552,0.5048863639785092
7248,Top wo Nerae! Gunbuster Specials,Gunbuster Renewal EX,トップをねらえ！ GunBuster,,https://myanimelist.cdn-dena.com/images/anime/13/23833.jpg,Special,Original,3,Finished Airing,False,"Nov 25, 2000 to Mar 25, 2001","{'from': '2000-11-25', 'to': '2001-03-25'}",2 min. per ep.,PG-13 - Teens 13 or older,5.8,1597,7810.0,5327,3968,0,,,,"{'Parent story': [{'mal_id': 949, 'type': 'anime', 'url': 'https://myanimelist.net/anime/949/Top_wo_Nerae_Gunbuster', 'title': 'Top wo Nerae! Gunbuster'}]}",,,Gainax,"Mecha, Space",[],[],2.0,2000.0,5.870930359841637,1540,0.7724058848291919,0.7022233986236104,0.04714907151878012,0.5021868571406222
6657,Joshikousei: Girl&#039;s High Specials,High School Girls Specials,女子高生 GIRL&#039;S HIGH,Joshi Kousei: Girl&#039;s High Specials,https://myanimelist.cdn-dena.com/images/anime/7/15364.jpg,Special,Manga,3,Finished Airing,False,"May 25, 2006 to Sep 22, 2006","{'from': '2006-05-25', 'to': '2006-09-22'}",8 min. per ep.,PG-13 - Teens 13 or older,6.58,1349,5284.0,5735,3329,3,,,,"{'Parent story': [{'mal_id': 863, 'type': 'anime', 'url': 'https://myanimelist.net/anime/863/Joshikousei__Girls_High', 'title': 'Joshikousei: Girl&#039;s High'}]}",,,Arms,"Comedy, Slice of Life",[],"['""incl."" by meg rock']",8.0,2006.0,6.609240041857321,1330,0.739154643481549,0.7674254455620259,0.014696664951588008,0.5020213288184038
12699,Tales of Gekijou,,ているず おぶ 劇場,Tales of the Heroes: Twin Brave Specials,https://myanimelist.cdn-dena.com/images/anime/5/48841.jpg,Special,Game,5,Finished Airing,False,"Jan 1, 2012 to Feb 23, 2012","{'from': '2011-01-01', 'to': '2012-02-23'}",5 min. per ep.,G - All Ages,6.74,1284,4603.0,5696,3390,8,,,,"{'Character': [{'mal_id': 445, 'type': 'anime', 'url': 'https://myanimelist.net/anime/445/Tales_of_Eternia_The_Animation', 'title': 'Tales of Eternia The Animation'}, {'mal_id': 1731, 'type': 'anime', 'url': 'https://myanimelist.net/anime/1731/Tales_of_Symphonia_The_Animation__Sylvarant-hen', 'title': 'Tales of Symphonia The Animation: Sylvarant-hen'}, {'mal_id': 4884, 'type': 'anime', 'url': 'https://myanimelist.net/anime/4884/Tales_of_the_Abyss', 'title': 'Tales of the Abyss'}, {'mal_id': 6046, 'type': 'anime', 'url': 'https://myanimelist.net/anime/6046/Tales_of_Vesperia__The_First_Strike', 'title': 'Tales of Vesperia: The First Strike'}]}",,,Sunrise,Comedy,[],"['""Omotteiru zutto..."" by Shouko Miyata']",5.0,2011.0,6.759052616077497,1362,0.7811082616949674,0.723751544026822,0.016240235745357594,0.5019630136841585
24821,Isshuukan Friends. Specials,,一週間フレンズ。香織の日記,One Week Friends Specials,https://myanimelist.cdn-dena.com/images/anime/8/69879.jpg,Special,4-koma manga,12,Finished Airing,False,"Jun 18, 2014 to Nov 19, 2014","{'from': '2014-06-18', 'to': '2014-11-19'}",1 min. per ep.,PG-13 - Teens 13 or older,6.82,5265,4239.0,3205,13884,10,,,,"{'Parent story': [{'mal_id': 21327, 'type': 'anime', 'url': 'https://myanimelist.net/anime/21327/Isshuukan_Friends', 'title': 'Isshuukan Friends.'}]}","Sentai Filmworks, TOHO animation",,Brain&#039;s Base,"Slice of Life, School",[],[],1.0,2014.0,6.823423824911699,3115,0.8071138467698418,0.6859008293629787,0.02412647925534403,0.5006565812780943
8664,"Slime Boukenki: Umi da, Yeah!",,スライム冒険記 ～海だ，イエー～,"Slime Adventures - Yay, the Sea!, Slime Adventures - Yeah! The Sea!",https://myanimelist.cdn-dena.com/images/anime/9/23851.jpg,Special,Game,1,Finished Airing,False,"Jul 30, 1999","{'from': '1999-07-30', 'to': '1999-07-30'}",15 min.,G - All Ages,5.72,142,7954.0,9038,661,0,,,,[],Shueisha,,Production I.G,"Action, Adventure, Comedy, Fantasy, Game",[],[],15.0,1999.0,6.250449672112632,169,0.8144246416457168,0.6973707428974767,0.004845876794985734,0.5004916162415992
25265,Megumi to Taiyou: Kajuu Gummi Tweet Love Story,,メグミとタイヨウ 果汁グミ Tweet Love Story,"Megumi to Taiyou, Meiji Candy Commercial: Megumi and Taiyou, TweetLoveStory",https://myanimelist.cdn-dena.com/images/anime/11/64635.jpg,Special,Original,1,Finished Airing,False,"May 17, 2011 to Nov 8, 2011","{'from': '2011-05-17', 'to': '2011-11-08'}",3 min.,G - All Ages,5.32,159,8653.0,9159,619,0,,,,"{'Sequel': [{'mal_id': 25267, 'type': 'anime', 'url': 'https://myanimelist.net/anime/25267/Megumi_to_Taiyou_II__Kajuu_Gummi_Tweet_Mystery_-_Kieta_Sapphire_Roman_no_Nazo', 'title': 'Megumi to Taiyou II: Kajuu Gummi Tweet Mystery - Kieta Sapphire Roman no Nazo'}], 'Other': [{'mal_id': 34710, 'type': 'anime', 'url': 'https://myanimelist.net/anime/34710/Choco_Kyouju_no_Oheya', 'title': 'Choco Kyouju no Oheya'}]}",,,Madhouse,"Romance, Slice of Life","['""Ai Uta"" by GReeeeN']",[],3.0,2011.0,5.97007266660717,144,0.8375290534120494,0.667901888124228,0.006352027690724543,0.4988883798449107
1429,Lupin III: Nusumareta Lupin,,ルパン三世 「盗まれたルパン ～コピーキャットは真夏の蝶～」,"Lupin III: Stolen Lupin, Rupan Sansei: Nusumareta Rupan, Lupin III: Stolen Lupin - Copycat Summer Butterflies",https://myanimelist.cdn-dena.com/images/anime/12/27610.jpg,Special,Manga,1,Finished Airing,False,"Jul 30, 2004","{'from': '2004-07-30', 'to': '2004-07-30'}",1 hr. 31 min.,PG-13 - Teens 13 or older,7.23,1327,2684.0,5727,3337,2,,,,"{'Parent story': [{'mal_id': 1412, 'type': 'anime', 'url': 'https://myanimelist.net/anime/1412/Lupin_III', 'title': 'Lupin III'}]}",,,TMS Entertainment,"Action, Adventure, Mystery, Comedy, Seinen",[],[],91.0,2004.0,7.214140729258065,1336,0.8418854211525635,0.6617257808364214,0.003947799242247065,0.4974944704063065
4664,Rurouni Kenshin: Special Techniques,,るろうに剣心－明治剣客浪漫譚－,Rurouni Kenshin: Meiji Kenkaku Romantan - Special Techniques,https://myanimelist.cdn-dena.com/images/anime/4/8997.jpg,Special,Manga,1,Finished Airing,False,"Oct 21, 1997","{'from': '1997-10-21', 'to': '1997-10-21'}",25 min.,PG-13 - Teens 13 or older,7.38,2649,2129.0,4069,7851,12,,,,"{'Parent story': [{'mal_id': 45, 'type': 'anime', 'url': 'https://myanimelist.net/anime/45/Rurouni_Kenshin__Meiji_Kenkaku_Romantan', 'title': 'Rurouni Kenshin: Meiji Kenkaku Romantan'}]}",,,"Studio Gallop, Studio Deen","Action, Comedy, Samurai",[],[],25.0,1997.0,7.366310956948437,2346,0.78400227229805,0.710428798305982,0.0075962393002479076,0.4956690122684124
37032,Garo: Vanishing Line Recap,,牙狼＜GARO＞-VANISHING LINE- 総集編,Garo: Vanishing Line Episode 12.5,https://myanimelist.cdn-dena.com/images/anime/8/89840.jpg,Special,Original,1,Finished Airing,False,"Jan 6, 2018","{'from': '2018-01-06', 'to': '2018-01-06'}",24 min.,R - 17+ (violence & profanity),6.08,231,7137.0,7582,1413,1,,,,"{'Full story': [{'mal_id': 36144, 'type': 'anime', 'url': 'https://myanimelist.net/anime/36144/Garo__Vanishing_Line', 'title': 'Garo: Vanishing Line'}]}",,,MAPPA,"Action, Demons, Supernatural, Fantasy",[],[],24.0,2018.0,6.359059881121622,590,0.8027937275875421,0.6881948120698783,0.007175265447401657,0.4943940556845913
10905,Ikoku Meiro no Croisée Picture Drama,La croisée dans un labyrinthe étranger Picture Drama,異国迷路のクロワーゼ ピクチャードラマ,"Ikoku Meiro no Croisée The Animation Picture Drama, Ikoku Meiro no Croisee The Animation Picture Drama",https://myanimelist.cdn-dena.com/images/anime/3/30109.jpg,Special,Manga,6,Finished Airing,False,"Oct 26, 2011 to Mar 21, 2012","{'from': '2011-10-26', 'to': '2012-03-21'}",6 min. per ep.,G - All Ages,6.41,1105,5962.0,5968,2991,0,,,,"{'Other': [{'mal_id': 9938, 'type': 'anime', 'url': 'https://myanimelist.net/anime/9938/Ikoku_Meiro_no_Croisée_The_Animation', 'title': 'Ikoku Meiro no Croisée The Animation'}]}",,,Satelight,"Historical, Seinen, Slice of Life",[],[],6.0,2011.0,6.459268730830919,1212,0.8461294865696141,0.6399329451208753,0.01053370129566397,0.4938767238854306
25889,Stitch!: Itazura Alien no Daibouken - Uchuu Ichi no Oniichan,Son of Sprout,スティッチ！～いたずらエイリアンの大冒険～ 宇宙一のお兄ちゃん,Brother of the Universe,https://myanimelist.cdn-dena.com/images/anime/12/65583.jpg,Special,Other,1,Finished Airing,False,"Aug 8, 2010","{'from': '2010-08-08', 'to': '2010-08-08'}",21 min.,G - All Ages,6.03,108,7294.0,10134,359,1,,,,"{'Prequel': [{'mal_id': 6899, 'type': 'anime', 'url': 'https://myanimelist.net/anime/6899/Stitch__Itazura_Alien_no_Daibouken', 'title': 'Stitch!: Itazura Alien no Daibouken'}], 'Sequel': [{'mal_id': 8964, 'type': 'anime', 'url': 'https://myanimelist.net/anime/8964/Stitch__Zutto_Saikou_no_Tomodachi', 'title': 'Stitch!: Zutto Saikou no Tomodachi'}]}",,,Madhouse,"Adventure, Comedy, Kids, Sci-Fi",[],[],21.0,2010.0,6.49811933005412,32,0.7014948429274275,0.766278454208576,0.027821694185883344,0.49354634713622264
9777,Umacha,,旨茶,Delicious Tea,https://myanimelist.cdn-dena.com/images/anime/5/27075.jpg,Special,Original,2,Finished Airing,False,"Mar 5, 2001 to May 18, 2001","{'from': '2001-03-05', 'to': '2001-05-18'}",15 sec. per ep.,G - All Ages,5.02,488,9033.0,8032,1139,1,,,,[],,,Studio Ghibli,Slice of Life,[],[],0.25,2001.0,5.35736193988309,446,0.6783277719385725,0.7980412916887243,0.018457364703681183,0.4932927213492228
3429,Blame! Special,,Blame! Extra Log: Collapsed Data,,https://myanimelist.cdn-dena.com/images/anime/5/10569.jpg,Special,Manga,1,Finished Airing,False,"Oct 24, 2003","{'from': '2003-10-24', 'to': '2003-10-24'}",4 min.,PG-13 - Teens 13 or older,5.47,2596,8412.0,4633,5687,3,,,,"{'Prequel': [{'mal_id': 1055, 'type': 'anime', 'url': 'https://myanimelist.net/anime/1055/Blame', 'title': 'Blame!'}]}",,,Group TAC,"Mecha, Sci-Fi",[],[],4.0,2003.0,5.52688754475195,1947,0.8577211618373395,0.6295217928357156,0.0034800505168623417,0.4919385917126728
1719,Rozen Maiden: Ouvertüre,Rozen Maiden: Ouvertüre,ローゼンメイデン・オーベルテュー,Rozen Maiden: Ouverture,https://myanimelist.cdn-dena.com/images/anime/1/1719.jpg,Special,Manga,2,Finished Airing,False,"Dec 23, 2006 to Dec 24, 2006","{'from': '2006-12-23', 'to': '2006-12-24'}",24 min. per ep.,PG-13 - Teens 13 or older,7.8,28759,884.0,1554,48779,233,,,,"{'Adaptation': [{'mal_id': 98, 'type': 'manga', 'url': 'https://myanimelist.net/manga/98/Rozen_Maiden', 'title': 'Rozen Maiden'}], 'Parent story': [{'mal_id': 65, 'type': 'anime', 'url': 'https://myanimelist.net/anime/65/Rozen_Maiden__Träumend', 'title': 'Rozen Maiden: Träumend'}]}",Mellow Head,Sentai Filmworks,Nomad,"Action, Comedy, Drama, Magic, Seinen","['""Baragoku Otome (薔薇獄乙女)"" by ALI PROJECT']","['""Utsusemi no Kage (空蝉ﾉ影)"" by kukui']",24.0,2006.0,7.797240681265853,5302,0.7969568680997132,0.6606670195870832,0.02565134010009823,0.4894808251696753
28351,Hikari no Megami,Goddess of Light,光の女神,,https://myanimelist.cdn-dena.com/images/anime/10/76940.jpg,Special,Game,1,Finished Airing,False,"Jun 10, 2014","{'from': '2014-06-10', 'to': '2014-06-10'}",2 min.,G - All Ages,6.66,2154,4932.0,5482,3726,7,,,,"{'Character': [{'mal_id': 13251, 'type': 'anime', 'url': 'https://myanimelist.net/anime/13251/Shin_Hikari_Shinwa__Palutena_no_Kagami', 'title': 'Shin Hikari Shinwa: Palutena no Kagami'}]}",Nintendo,,Shaft,"Action, Fantasy",[],[],2.0,2014.0,6.675247923980149,1467,0.7333430621380039,0.7434268572436916,0.0061742831750783485,0.48937158684373544
8022,Tegamibachi Gakuen,Letter Bee Academy,テガミバチ学園,"Tegami Bachi Specials, Letter Bee Specials",https://myanimelist.cdn-dena.com/images/anime/4/19573.jpg,Special,Original,25,Finished Airing,False,"Jan 27, 2010 to Jul 23, 2010","{'from': '2010-01-27', 'to': '2010-07-23'}",3 min. per ep.,PG-13 - Teens 13 or older,7.42,1911,1953.0,4119,7644,7,,,,"{'Parent story': [{'mal_id': 6444, 'type': 'anime', 'url': 'https://myanimelist.net/anime/6444/Tegamibachi', 'title': 'Tegamibachi'}]}",,,Studio Pierrot,Comedy,[],[],3.0,2010.0,7.399298269841499,2306,0.9108962580802948,0.5633492147520734,0.00429393329903176,0.4879180040233621
33105,"Wake Up, Girl Zoo! Miyagi PR de Go!",,うぇいくあっぷがーるZOO！ 宮城PRでGO！,,https://myanimelist.cdn-dena.com/images/anime/8/79534.jpg,Special,Original,1,Finished Airing,False,"Feb 11, 2016","{'from': '2016-02-11', 'to': '2016-02-11'}",9 min.,G - All Ages,5.84,198,7718.0,9084,648,0,"Wake Up, Girl Zoo! Miyagi PR de Go! was first screened at the 4th Taipei International Comics & Animation Festival. It was screened in Japan for the first time at the Wake Up, Girls! Ten exhibition in Sendai Airport on March 27, 2016.",,,"{'Prequel': [{'mal_id': 25875, 'type': 'anime', 'url': 'https://myanimelist.net/anime/25875/Wake_Up_Girl_Zoo', 'title': 'Wake Up, Girl Zoo!'}], 'Sequel': [{'mal_id': 34864, 'type': 'anime', 'url': 'https://myanimelist.net/anime/34864/Wake_Up_Girl_Zoo_Taiwan_de_Go', 'title': 'Wake Up, Girl Zoo! Taiwan de Go!'}]}","Rakuonsha, DIVE II Entertainment",,"Ordet, W-Toon Studio",Comedy,[],[],9.0,2016.0,6.230499398158581,156,0.6942584299768297,0.7694547379565908,0.009411104354740634,0.48613100985509317
33074,Lupin III (2015) Specials,Lupin the Third,ルパン三世,"Lupin III: Part IV - Specials, Lupin Sansei (2015) Specials",https://myanimelist.cdn-dena.com/images/anime/10/79629.jpg,Special,Original,2,Finished Airing,False,"Sep 6, 2015 to Nov 22, 2015","{'from': '2015-09-06', 'to': '2015-11-22'}",25 min. per ep.,PG-13 - Teens 13 or older,7.32,1548,2344.0,5909,3069,2,"Originally aired alongside the Italian broadcast, these episodes were held back during the Japanese broadcast for the Japanese Bluray & DVD release.",,,"{'Parent story': [{'mal_id': 27947, 'type': 'anime', 'url': 'https://myanimelist.net/anime/27947/Lupin_III_2015', 'title': 'Lupin III (2015)'}]}",,Discotek Media,"TMS Entertainment, Telecom Animation Film","Action, Adventure, Comedy, Seinen",[],[],25.0,2015.0,7.300806323210714,1238,0.6913608785655219,0.7684842068113641,0.01193694747181814,0.4856880708400724
33170,"Kokoro ga Sakebitagatterunda. x Sony Hi-Res ""Walkman"" and Headphone",,心が叫びたがってるんだ。×ソニー製ハイレゾ対応「ウォークマン®」＆ヘッドホン,"Kokosake x Sony, Anthem of the Heart x Sony",https://myanimelist.cdn-dena.com/images/anime/12/79673.jpg,Special,Original,1,Finished Airing,False,"Mar 28, 2016","{'from': '2016-03-28', 'to': '2016-03-28'}",30 sec.,G - All Ages,5.68,853,8042.0,6398,2483,0,The special premiered at Anime Japan 2016 and was later made available online.,,,"{'Other': [{'mal_id': 28725, 'type': 'anime', 'url': 'https://myanimelist.net/anime/28725/Kokoro_ga_Sakebitagatterunda', 'title': 'Kokoro ga Sakebitagatterunda.'}]}","Aniplex, Sony Music Entertainment",,A-1 Pictures,Drama,[],[],0.5,2016.0,5.8188969786476985,1034,0.8099303003934635,0.6509617081348157,0.010561766219187054,0.4855797456666639
32365,Boruto: Naruto the Movie - Naruto ga Hokage ni Natta Hi,,BORUTO -NARUTO THE MOVIE- ナルトが火影になった日,Boruto: Naruto the Movie - The Day Naruto Became the Hokage,https://myanimelist.cdn-dena.com/images/anime/6/77678.jpg,Special,Original,1,Finished Airing,False,"Jul 6, 2016","{'from': '2016-07-06', 'to': '2016-07-06'}",10 min.,PG-13 - Teens 13 or older,7.64,24355,1237.0,1701,43023,94,,,,"{'Adaptation': [{'mal_id': 92286, 'type': 'manga', 'url': 'https://myanimelist.net/manga/92286/Boruto__Naruto_the_Movie_Tokubetsu_Bangai-hen_-_Naruto_ga_Hokage_ni_Natta_Hi', 'title': 'Boruto: Naruto the Movie Tokubetsu Bangai-hen - Naruto ga Hokage ni Natta Hi'}], 'Parent story': [{'mal_id': 1735, 'type': 'anime', 'url': 'https://myanimelist.net/anime/1735/Naruto__Shippuuden', 'title': 'Naruto: Shippuuden'}], 'Other': [{'mal_id': 28755, 'type': 'anime', 'url': 'https://myanimelist.net/anime/28755/Boruto__Naruto_the_Movie', 'title': 'Boruto: Naruto the Movie'}], 'Alternative version': [{'mal_id': 34566, 'type': 'anime', 'url': 'https://myanimelist.net/anime/34566/Boruto__Naruto_Next_Generations', 'title': 'Boruto: Naruto Next Generations'}]}",,Viz Media,Studio Pierrot,"Action, Comedy, Super Power, Martial Arts, Shounen",[],[],10.0,2016.0,7.637398029877376,5022,0.7998725735782699,0.6660490559378861,0.0047523270499087895,0.4853224056668014
10638,Denpa Onna to Seishun Otoko: Mayonaka no Taiyou,,電波女と青春男 真夜中の太陽,"Denpa Onna to Seishun Otoko Episode 13, Electromagnetic Wave Woman and Adolescent Man Special",https://myanimelist.cdn-dena.com/images/anime/3/36709.jpg,Special,Light novel,1,Finished Airing,False,"Feb 8, 2012","{'from': '2012-02-08', 'to': '2012-02-08'}",29 min.,PG-13 - Teens 13 or older,7.38,23900,2104.0,1742,41273,27,,,,"{'Prequel': [{'mal_id': 9379, 'type': 'anime', 'url': 'https://myanimelist.net/anime/9379/Denpa_Onna_to_Seishun_Otoko', 'title': 'Denpa Onna to Seishun Otoko'}]}",,"NIS America, Inc.",Shaft,"Sci-Fi, Comedy","['""Os-Uchuujin (Os-宇宙人)"" by Erio wo Kamatte-chan (エリオをかまってちゃん) (Asuka Oogame)']","['""Ruru (ルル)"" by Etsuko Yakushimaru']",29.0,2012.0,7.378432034193803,4954,0.7536184908594492,0.7052232221634022,0.006146218251555265,0.4834460173205542
20423,Kamisama no Inai Nichiyoubi: Kioku,Sunday Without God: Memories,神さまのいない日曜日 第13話 「記憶」,"Kami-sama no Inai Nichiyoubi Special, Kamisama no Inai Nichiyoubi Special, The Sunday Without God Episode 13, Kami-Nai Episode 13",https://myanimelist.cdn-dena.com/images/anime/6/59029.jpg,Special,Light novel,1,Finished Airing,False,"Feb 5, 2014","{'from': '2014-02-05', 'to': '2014-02-05'}",23 min.,R - 17+ (violence & profanity),6.99,11723,3601.0,2522,22149,14,"The OVA was scheduled for January 2014, but was delayed to February and was included on the fifth Blu-ray of the anime release. ",,,"{'Adaptation': [{'mal_id': 36567, 'type': 'manga', 'url': 'https://myanimelist.net/manga/36567/Kamisama_no_Inai_Nichiyoubi', 'title': 'Kamisama no Inai Nichiyoubi'}], 'Parent story': [{'mal_id': 16009, 'type': 'anime', 'url': 'https://myanimelist.net/anime/16009/Kamisama_no_Inai_Nichiyoubi', 'title': 'Kamisama no Inai Nichiyoubi'}]}",,Sentai Filmworks,Madhouse,"Mystery, Fantasy","['""Birth"" by Eri Kitamura']","['""Owaranai Melody wo Utaidashimashita. (終わらないメロディーを歌いだしました。)"" by Mikako Komatsu']",23.0,2014.0,6.990115776084857,3853,0.8186933278484279,0.6376389624139757,0.001721315309415782,0.4811576898387004
6327,Miracle Train: Chuo-sen e Youkoso,Miracle Train: Welcome to the Chuo Line,ミラクル☆トレイン〜中央線へようこそ〜,,https://myanimelist.cdn-dena.com/images/anime/9/18390.jpg,Special,Manga,1,Finished Airing,False,"Aug 18, 2009","{'from': '2009-08-18', 'to': '2009-08-18'}",1 min.,PG-13 - Teens 13 or older,6.17,617,6875.0,5769,3280,7,,,,"{'Alternative version': [{'mal_id': 7103, 'type': 'anime', 'url': 'https://myanimelist.net/anime/7103/Miracle☆Train__Oedo-sen_e_Youkoso', 'title': 'Miracle☆Train: Oedo-sen e Youkoso'}]}",,,Yumeta Company,"Fantasy, Shoujo","['""Montage"" by Kenn, Ryotaro Okiayu, Yuki Kaji, and Masakazu Morita']",[],1.0,2009.0,6.286274505789759,1312,0.7159723871837533,0.7295747308981825,0.009963047850694608,0.4803183547577681
12067,Rurouni Kenshin Special,Samurai X Special,るろうに剣心 -明治剣客浪漫譚- 流浪の最果て- 緋と瑠璃の絆は潮騒の中に,"Rurouni Kenshin Episode 95: End of Wanderings, Rurouni Kenshin: Meiji Kenkaku Romantan Special, Rurou no Saihate, Hi to Ruri no Kizuna wa Shiosai no Uchi ni",https://myanimelist.cdn-dena.com/images/anime/6/34017.jpg,Special,Manga,1,Finished Airing,False,"Dec 2, 1998","{'from': '1998-12-02', 'to': '1998-12-02'}",25 min.,PG-13 - Teens 13 or older,7.44,5410,1862.0,3465,11552,35,,,,"{'Adaptation': [{'mal_id': 22, 'type': 'manga', 'url': 'https://myanimelist.net/manga/22/Rurouni_Kenshin__Meiji_Kenkaku_Romantan', 'title': 'Rurouni Kenshin: Meiji Kenkaku Romantan'}], 'Parent story': [{'mal_id': 45, 'type': 'anime', 'url': 'https://myanimelist.net/anime/45/Rurouni_Kenshin__Meiji_Kenkaku_Romantan', 'title': 'Rurouni Kenshin: Meiji Kenkaku Romantan'}]}","SME Visual Works, Fuji TV",Media Blasters,Studio Deen,"Action, Historical, Romance, Samurai","['""Kimi Ni Fureru Dake De"" by Curio']","['""Dame"" by You Izumi']",25.0,1998.0,7.432081455653586,2870,0.8151132295985779,0.631286394917946,0.0036765049815239256,0.4785251227343558
2235,Mizu no Kotoba,,水のコトバ,Aquatic Language,https://myanimelist.cdn-dena.com/images/anime/13/76137.jpg,Special,Original,1,Finished Airing,False,"Oct 26, 2002","{'from': '2002-10-26', 'to': '2002-10-26'}",9 min.,PG-13 - Teens 13 or older,6.93,10903,3818.0,2764,18533,24,In 2003 it won the Excellent Work Award at the Tokyo International Anime Fair.,,,[],,,Studio Rikka,"Drama, Psychological, Sci-Fi",[],[],9.0,2002.0,6.930669710138258,3588,0.6739826219339373,0.75666137286042,0.017325412788250154,0.47782990450226054
6954,Kara no Kyoukai 8: Shuushou,the Garden of sinners Chapter 8: The Final Chapter,劇場版 空の境界 the Garden of sinners 終章,"Kara no Kyoukai: Epilogue, The Garden of Sinners Epilogue, The Garden of Sinners: the Garden of Sinners",https://myanimelist.cdn-dena.com/images/anime/3/52557.jpg,Special,Light novel,1,Finished Airing,False,"Feb 2, 2011","{'from': '2011-02-02', 'to': '2011-02-02'}",33 min.,PG-13 - Teens 13 or older,7.26,29833,2571.0,1372,58313,100,,,,"{'Adaptation': [{'mal_id': 2062, 'type': 'manga', 'url': 'https://myanimelist.net/manga/2062/Kara_no_Kyoukai__The_Garden_of_Sinners', 'title': 'Kara no Kyoukai: The Garden of Sinners'}], 'Prequel': [{'mal_id': 5205, 'type': 'anime', 'url': 'https://myanimelist.net/anime/5205/Kara_no_Kyoukai_7__Satsujin_Kousatsu_Kou', 'title': 'Kara no Kyoukai 7: Satsujin Kousatsu (Kou)'}], 'Sequel': [{'mal_id': 14807, 'type': 'anime', 'url': 'https://myanimelist.net/anime/14807/Kara_no_Kyoukai__Mirai_Fukuin', 'title': 'Kara no Kyoukai: Mirai Fukuin'}]}",,Aniplex of America,ufotable,Mystery,[],"['""snow falling"" by Kalafina']",33.0,2011.0,7.259143714985175,5676,0.8400700647343735,0.5940532909828834,0.012470181018756726,0.4773758671228845
19759,Ansatsu Kyoushitsu: Jump Festa 2013 Special,,暗殺教室,"Ansatsu Kyoushitsu Jump Super Anime Tour Special, Assassination Classroom, Ansatsu Kyoushitsu: Jump Festa 2013 Special",https://myanimelist.cdn-dena.com/images/anime/8/52773.jpg,Special,Manga,1,Finished Airing,False,"Oct 6, 2013","{'from': '2013-10-06', 'to': '2013-10-06'}",31 min.,PG-13 - Teens 13 or older,7.33,23354,2295.0,1555,48699,691,,,,"{'Adaptation': [{'mal_id': 39883, 'type': 'manga', 'url': 'https://myanimelist.net/manga/39883/Ansatsu_Kyoushitsu', 'title': 'Ansatsu Kyoushitsu'}], 'Alternative version': [{'mal_id': 24833, 'type': 'anime', 'url': 'https://myanimelist.net/anime/24833/Ansatsu_Kyoushitsu', 'title': 'Ansatsu Kyoushitsu'}]}",Kansai Telecasting,,Brain&#039;s Base,"Action, Comedy, Shounen",[],[],31.0,2013.0,7.328608715811856,5301,0.6971493954329568,0.7397211928710077,0.00860657654707891,0.4770074644008444
2449,Ghost in the Shell: Stand Alone Complex - The Laughing Man,Ghost in the Shell: Stand Alone Complex - The Laughing Man,攻殻機動隊 Stand Alone Complex - The Laughing Man,"Ghost in the Shell: STAND ALONE COMPLEX Movie, Koukaku Kidoutai STAND ALONE COMPLEX The Laughing Man",https://myanimelist.cdn-dena.com/images/anime/3/21835.jpg,Special,Manga,1,Finished Airing,False,"Sep 23, 2005","{'from': '2005-09-23', 'to': '2005-09-23'}",2 hr. 40 min.,R - 17+ (violence & profanity),8.17,11299,344.0,2207,27922,48,,,,"{'Adaptation': [{'mal_id': 80473, 'type': 'manga', 'url': 'https://myanimelist.net/manga/80473/Koukaku_Kidoutai__Stand_Alone_Complex_-_The_Laughing_Man', 'title': 'Koukaku Kidoutai: Stand Alone Complex - The Laughing Man'}], 'Full story': [{'mal_id': 467, 'type': 'anime', 'url': 'https://myanimelist.net/anime/467/Ghost_in_the_Shell__Stand_Alone_Complex', 'title': 'Ghost in the Shell: Stand Alone Complex'}], 'Sequel': [{'mal_id': 2448, 'type': 'anime', 'url': 'https://myanimelist.net/anime/2448/Ghost_in_the_Shell__Stand_Alone_Complex_2nd_GIG_-_Individual_Eleven', 'title': 'Ghost in the Shell: Stand Alone Complex 2nd GIG - Individual Eleven'}], 'Side story': [{'mal_id': 10947, 'type': 'anime', 'url': 'https://myanimelist.net/anime/10947/Ghost_in_the_Shell__Stand_Alone_Complex_-_The_Laughing_Man_-_Tachikoma_no_Hibi', 'title': 'Ghost in the Shell: Stand Alone Complex - The Laughing Man - Tachikoma no Hibi'}]}","Bandai Visual, Animax, Kodansha","Bandai Entertainment, Manga Entertainment",Production I.G,"Action, Mecha, Mystery, Police, Psychological, Sci-Fi, Seinen",[],"['""Inner Universe"" by Origa']",160.0,2005.0,8.159768297276187,4244,0.7622321655226707,0.673460384683254,0.00764301417278638,0.4763007362449747
10504,Gosick Recap,,春来たるＧＯＳＩＣＫスペシャル－美しき怪物は混沌の先を視る－,Haru Kitaru Gosick Special: Utsukushiki Kaibutsu wa Kondon no Saki wo Miru,https://myanimelist.cdn-dena.com/images/anime/11/28897.jpg,Special,Light novel,1,Finished Airing,False,"Mar 26, 2011","{'from': '2011-03-26', 'to': '2011-03-26'}",13 min.,R - 17+ (violence & profanity),7.12,3664,3124.0,3594,10538,15,,,,"{'Full story': [{'mal_id': 8425, 'type': 'anime', 'url': 'https://myanimelist.net/anime/8425/Gosick', 'title': 'Gosick'}]}",,,Bones,"Mystery, Historical, Shounen",[],"['""Destin Histoire"" by yoshiki*lisa (吉木りさ)']",13.0,2011.0,7.116909888589601,2760,0.7564608929309016,0.6814893241574026,0.004855231769493429,0.4761257981230732
19697,Toaru Kagaku no Railgun S: Motto Marutto Railgun,,もっとまるっと超電磁砲,"Toaru Kagaku no Railgun MMR III, Toaru Kagaku no Railgun MMR IV Specials, Motto Marutto Railgun, A Certain Scientific Railgun S Specials",https://myanimelist.cdn-dena.com/images/anime/2/52717.jpg,Special,Manga,2,Finished Airing,False,"Jul 24, 2013 to Nov 27, 2013","{'from': '2013-07-24', 'to': '2013-11-27'}",8 min. per ep.,PG-13 - Teens 13 or older,7.12,7781,3147.0,2761,18578,34,,,,"{'Spin-off': [{'mal_id': 16049, 'type': 'anime', 'url': 'https://myanimelist.net/anime/16049/Toaru_Kagaku_no_Railgun_S', 'title': 'Toaru Kagaku no Railgun S'}]}",,,J.C.Staff,Comedy,[],"['#1: ""Grow Slowly"" by Yuka Iguchi (ep 1)', '#2: ""Links (リンクス)"" by Sachika Misawa (ep 2)']",8.0,2013.0,7.118524149302279,3594,0.795388401946596,0.6354332098111877,0.010131437391833108,0.4755145062193736
10469,Sayonara Zetsubou Sensei Special,,さよなら絶望先生,"Sayonara Zetsubou Sensei BD Box OVA, SZS Blu-ray Box Special",https://myanimelist.cdn-dena.com/images/anime/12/75518.jpg,Special,Manga,1,Finished Airing,False,"Jan 31, 2012","{'from': '2012-01-31', 'to': '2012-01-31'}",24 min.,R - 17+ (violence & profanity),7.59,4880,1390.0,3430,11812,4,,,,"{'Adaptation': [{'mal_id': 661, 'type': 'manga', 'url': 'https://myanimelist.net/manga/661/Sayonara_Zetsubou_Sensei', 'title': 'Sayonara Zetsubou Sensei'}], 'Other': [{'mal_id': 2605, 'type': 'anime', 'url': 'https://myanimelist.net/anime/2605/Sayonara_Zetsubou_Sensei', 'title': 'Sayonara Zetsubou Sensei'}], 'Side story': [{'mal_id': 13619, 'type': 'anime', 'url': 'https://myanimelist.net/anime/13619/Sayonara_Zetsubou_Sensei_Special_Omake', 'title': 'Sayonara Zetsubou Sensei Special Omake'}]}",,,Shaft,"Mystery, Comedy, Parody","['""Ringo Mogire Beam! (林檎もぎれビーム！)"" by Kenji Ohtsuki & Zetsubou Shoujo-tachi (Ai Nonaka, Marina Inoue, Yu Kobayashi, Miyuki Sawashiro, Ryoko Shintani)']","['""Zetsubou Restaurant (絶望レストラン)"" by Asuka Tanii, Asami Sanada, Yuko Goto, & Miyu Matsuki']",24.0,2012.0,7.578226670813505,2896,0.7029346907692482,0.7285159696488442,0.009242714813602134,0.4754288138264592
1381,Seikai no Monshou Special,,星界の紋章 総集編,"Seikai no Monshou Movie, Crest of the Stars Special Edition",https://myanimelist.cdn-dena.com/images/anime/9/2753.jpg,Special,Light novel,1,Finished Airing,False,"Apr 7, 2000","{'from': '2000-04-07', 'to': '2000-04-07'}",1 hr. 30 min.,PG-13 - Teens 13 or older,7.35,1050,2254.0,6165,2758,3,,,,"{'Full story': [{'mal_id': 290, 'type': 'anime', 'url': 'https://myanimelist.net/anime/290/Seikai_no_Monshou', 'title': 'Seikai no Monshou'}]}","Bandai Visual, WOWOW, BeSTACK",,Sunrise,"Action, Military, Romance, Sci-Fi, Space",[],[],90.0,2000.0,7.319885931001092,1133,0.910989205799333,0.528498323628022,0.0009354974507694467,0.4753395988697811
12485,Gregory Horror Show: The Bloody Karte,,グレゴリーホラーショー - The Bloody Karte,,https://myanimelist.cdn-dena.com/images/anime/5/35061.jpg,Special,Original,12,Finished Airing,False,"Apr 7, 2001 to Jun 30, 2001","{'from': '2001-04-07', 'to': '2001-06-30'}",3 min. per ep.,PG-13 - Teens 13 or older,6.09,248,7111.0,9252,582,1,,,,"{'Parent story': [{'mal_id': 6069, 'type': 'anime', 'url': 'https://myanimelist.net/anime/6069/Gregory_Horror_Show', 'title': 'Gregory Horror Show'}]}","VAP, TV Asahi",Geneon Universal Entertainment,Milky Cartoon,"Mystery, Comedy, Horror, Demons, Supernatural, Vampire",[],[],3.0,2001.0,6.3525540823311974,129,0.708728259024529,0.7134286218457738,0.013461808316572338,0.4737541674316688
10067,Angel Beats!: Another Epilogue,,エンジェルビーツ! アナザーエピローグ,,https://myanimelist.cdn-dena.com/images/anime/4/65355.jpg,Special,Original,1,Finished Airing,False,"Dec 22, 2010","{'from': '2010-12-22', 'to': '2010-12-22'}",2 min.,PG-13 - Teens 13 or older,7.59,100724,1369.0,489,162993,232,,,,"{'Parent story': [{'mal_id': 6547, 'type': 'anime', 'url': 'https://myanimelist.net/anime/6547/Angel_Beats', 'title': 'Angel Beats!'}]}","Aniplex, Visual Art&#039;s",,P.A. Works,"Supernatural, Drama, School",[],[],2.0,2010.0,7.589418479931874,7891,0.7419902620777357,0.6856361390506441,0.00764301417278638,0.4736389070493849
8302,Ladies versus Butlers! Specials,,れでぃ×ばと!,"Ladies vs. Butlers!, Redei x Bato",https://myanimelist.cdn-dena.com/images/anime/6/21655.jpg,Special,Light novel,6,Finished Airing,False,"Mar 26, 2010 to Aug 27, 2010","{'from': '2010-03-26', 'to': '2010-08-27'}",3 min. per ep.,R+ - Mild Nudity,6.43,11631,5883.0,2512,22305,25,,,,"{'Parent story': [{'mal_id': 7148, 'type': 'anime', 'url': 'https://myanimelist.net/anime/7148/Ladies_versus_Butlers', 'title': 'Ladies versus Butlers!'}]}",,,Xebec,"Ecchi, Seinen",[],[],3.0,2010.0,6.434890360638587,3863,0.8243627187877847,0.602082230457032,0.00596847373590907,0.47269642958363955
1014,Chicchana Yukitsukai Sugar Specials,Sugar: A Little Snow Fairy Summer Special,ちっちゃな雪使いシュガー特別編,"Chiccha na Yukitsukai Sugar Special, Chiccha na Yukitsukai Sugar Tokubetsu Hen",https://myanimelist.cdn-dena.com/images/anime/12/23190.jpg,Special,Original,2,Finished Airing,False,"Aug 21, 2003 to Aug 28, 2003","{'from': '2003-08-21', 'to': '2003-08-28'}",24 min. per ep.,G - All Ages,7.07,1835,3296.0,5192,4260,14,,,,"{'Prequel': [{'mal_id': 831, 'type': 'anime', 'url': 'https://myanimelist.net/anime/831/Chicchana_Yukitsukai_Sugar', 'title': 'Chicchana Yukitsukai Sugar'}]}","Kadokawa Shoten, Broccoli, TBS, Pioneer LDC","Sentai Filmworks, Geneon Entertainment USA",J.C.Staff,"Slice of Life, Magic, Comedy, Shoujo","['""Sugar Baby Love"" by Ishida Youko']","['""Kokoro no Piano"" by Asano Masumi']",24.0,2003.0,7.066573033928298,1608,0.7781294872425399,0.6408152461619905,0.011010804995556388,0.4718853276720287
14583,Rinne no Lagrange Specials,Lagrange: The Flower of Rin-ne Specials,輪廻のラグランジェ,"Flower declaration of your heart Specials, Lag-Rin Specials",https://myanimelist.cdn-dena.com/images/anime/13/39747.jpg,Special,Original,6,Finished Airing,False,"Mar 23, 2012 to Aug 24, 2012","{'from': '2012-03-23', 'to': '2012-08-24'}",3 min. per ep.,PG-13 - Teens 13 or older,6.27,1466,6526.0,5422,3808,1,,,,"{'Adaptation': [{'mal_id': 54413, 'type': 'manga', 'url': 'https://myanimelist.net/manga/54413/Rinne_no_Lagrange', 'title': 'Rinne no Lagrange'}], 'Other': [{'mal_id': 11227, 'type': 'anime', 'url': 'https://myanimelist.net/anime/11227/Rinne_no_Lagrange', 'title': 'Rinne no Lagrange'}]}","Bandai Visual, flying DOG, Dwango",,"Production I.G, Xebec",Comedy,[],[],3.0,2012.0,6.316851098755591,1503,0.7203072973764935,0.7023998588318334,0.005304270545862763,0.4712437708288826
30625,Princess Princess Specials,,プリンセス・プリンセス,Princess Princess Omake,https://myanimelist.cdn-dena.com/images/anime/2/73602.jpg,Special,Manga,12,Finished Airing,False,"Jul 19, 2006 to Dec 20, 2006","{'from': '2006-07-19', 'to': '2006-12-20'}",1 min. per ep.,PG-13 - Teens 13 or older,6.74,226,4598.0,8056,1125,0,,,,"{'Parent story': [{'mal_id': 907, 'type': 'anime', 'url': 'https://myanimelist.net/anime/907/Princess_Princess', 'title': 'Princess Princess'}]}",,,Studio Deen,"Comedy, School, Shoujo",[],[],1.0,2006.0,6.8208859529179655,436,0.7955100604902081,0.605787894829716,0.020786753356097105,0.469287953863087
8518,Mai-Otome Special: Otome no Inori,,舞-乙HiME,Mai-Otome Picture Drama,https://myanimelist.cdn-dena.com/images/anime/6/23015.jpg,Special,Original,1,Finished Airing,False,"Mar 26, 2010","{'from': '2010-03-26', 'to': '2010-03-26'}",5 min.,PG-13 - Teens 13 or older,6.51,871,5563.0,6529,2335,3,,,,"{'Parent story': [{'mal_id': 99, 'type': 'anime', 'url': 'https://myanimelist.net/anime/99/Mai-Otome', 'title': 'Mai-Otome'}]}",,,Sunrise,"School, Slice of Life",[],[],5.0,2010.0,6.560843275644961,985,0.8735071138349288,0.5409387683077467,0.001824220029000421,0.46736913371665306
24459,Tales of Zestiria: Doushi no Yoake,Tales of Zestiria: Dawn of the Shepherd,テイルズ オブ ゼスティリア ～導師の夜明け～,,https://myanimelist.cdn-dena.com/images/anime/7/69719.jpg,Special,Game,1,Finished Airing,False,"Dec 30, 2014","{'from': '2015-12-30', 'to': '2015-12-30'}",44 min.,PG-13 - Teens 13 or older,7.48,15430,1713.0,2082,30890,58,,,,"{'Adaptation': [{'mal_id': 84933, 'type': 'manga', 'url': 'https://myanimelist.net/manga/84933/Tales_of_Zestiria__Michibiki_no_Toki', 'title': 'Tales of Zestiria: Michibiki no Toki'}], 'Alternative version': [{'mal_id': 30911, 'type': 'anime', 'url': 'https://myanimelist.net/anime/30911/Tales_of_Zestiria_the_X', 'title': 'Tales of Zestiria the X'}]}",,,ufotable,Fantasy,[],[],44.0,2015.0,7.476932956899631,4425,0.7809898446696997,0.6242279865890242,0.00948594415080219,0.4668522458851437
30438,MILPOM★ Pilot,,MILPOM★ (みるぽん),,https://myanimelist.cdn-dena.com/images/anime/7/72836.jpg,Special,Original,1,Finished Airing,False,"Mar 20, 2015","{'from': '2015-03-20', 'to': '2015-03-20'}",3 min.,G - All Ages,3.85,333,9464.0,9187,607,1,,,,"{'Other': [{'mal_id': 31471, 'type': 'anime', 'url': 'https://myanimelist.net/anime/31471/MILPOM★', 'title': 'MILPOM★'}]}",,,Bandai Namco Pictures,"Comedy, Shoujo",[],[],3.0,2015.0,4.578334458778884,140,0.701474134502126,0.7025763190400565,0.009036905374432856,0.4663188284424831
4650,Seihou Bukyou Outlaw Star Pilot,Outlaw Star,星方武侠アウトロースター パイロット版,Future Hero Next Generation Outlaw Star Pilot,https://myanimelist.cdn-dena.com/images/anime/5/23684.jpg,Special,Manga,1,Finished Airing,False,"Sep 22, 2006","{'from': '2006-09-22', 'to': '2006-09-22'}",1 min.,R+ - Mild Nudity,7.08,1827,3282.0,4977,4751,15,,,,"{'Other': [{'mal_id': 400, 'type': 'anime', 'url': 'https://myanimelist.net/anime/400/Seihou_Bukyou_Outlaw_Star', 'title': 'Seihou Bukyou Outlaw Star'}]}","Sotsu, Victor Entertainment",,Sunrise,"Action, Sci-Fi, Space",[],[],1.0,2006.0,7.07603986541321,1729,0.7116158336160374,0.6955179107111347,0.004696197202862623,0.46590388070491146
560,Soukyuu no Fafner: Right of Left - Single Program,,蒼穹のファフナー RIGHT OF LEFT ～single program～,"Fafner in the Azure 2, Soukyuu no Fafner II",https://myanimelist.cdn-dena.com/images/anime/8/50369.jpg,Special,Original,1,Finished Airing,False,"Dec 30, 2005","{'from': '2005-12-30', 'to': '2005-12-30'}",51 min.,PG-13 - Teens 13 or older,7.48,4299,1709.0,3556,10833,23,,,,"{'Sequel': [{'mal_id': 75, 'type': 'anime', 'url': 'https://myanimelist.net/anime/75/Soukyuu_no_Fafner__Dead_Aggressor', 'title': 'Soukyuu no Fafner: Dead Aggressor'}]}",Starchild Records,,"Production I.G, Xebec","Action, Drama, Mecha, Military, Sci-Fi","['""Peace of Mind"" by angela']",[],51.0,2005.0,7.469172271118722,2793,0.8603503975581617,0.5452620434092113,0.004424902942139483,0.4653123234901391
31426,Urawa no Usagi-chan Special,,浦和の調ちゃん,Urawa no Usagi-chan Episode 13,https://myanimelist.cdn-dena.com/images/anime/9/75928.jpg,Special,Original,1,Finished Airing,False,"Oct 16, 2015","{'from': '2015-10-16', 'to': '2015-10-16'}",3 min.,PG - Children,5.29,427,8710.0,7732,1308,0,,,,"{'Prequel': [{'mal_id': 27927, 'type': 'anime', 'url': 'https://myanimelist.net/anime/27927/Urawa_no_Usagi-chan', 'title': 'Urawa no Usagi-chan'}], 'Sequel': [{'mal_id': 35335, 'type': 'anime', 'url': 'https://myanimelist.net/anime/35335/Musashino', 'title': 'Musashino!'}]}",,,A-Real,"Comedy, School, Slice of Life",[],[],3.0,2015.0,5.615178027801247,539,0.8258226013507264,0.5720839950591142,0.001861639927031199,0.4619235179911677
3849,The SoulTaker: Tamashii-gari - Komugi Daisakusen,,The SoulTaker 〜魂狩〜 小麦大作戦,SoulTaker Omake,https://myanimelist.cdn-dena.com/images/anime/7/6871.jpg,Special,Original,3,Finished Airing,False,2001,"{'from': None, 'to': None}",4 min. per ep.,PG-13 - Teens 13 or older,5.97,462,7425.0,7589,1412,0,,,,"{'Parent story': [{'mal_id': 1048, 'type': 'anime', 'url': 'https://myanimelist.net/anime/1048/The_SoulTaker__Tamashii-gari', 'title': 'The SoulTaker: Tamashii-gari'}]}",,,Tatsunoko Production,Comedy,[],[],4.0,2001.0,6.153930285856329,587,0.7246275081903721,0.6615493206281984,0.011459843771925722,0.4612201019548638
37505,Grancrest Senki Tsuisou,Record of Grancrest War Reminiscence,グランクレスト戦記 追想,"Grancrest Senki Episode 11.5, Grancrest Senki Recap",https://myanimelist.cdn-dena.com/images/anime/1795/91146.jpg,Special,Light novel,1,Finished Airing,False,"Mar 24, 2018","{'from': '2018-03-24', 'to': '2018-03-24'}",23 min.,R - 17+ (violence & profanity),6.32,1486,6309.0,5120,4442,5,,,,"{'Full story': [{'mal_id': 34279, 'type': 'anime', 'url': 'https://myanimelist.net/anime/34279/Grancrest_Senki', 'title': 'Grancrest Senki'}]}",,,A-1 Pictures,"Action, Fantasy",[],[],23.0,2018.0,6.3631077053286615,1652,0.753547224264298,0.636668431268749,0.007212685345432434,0.46115135248989825
1481,"Urusei Yatsura: Haru da, Tobidase!",,うる星やつら 春だ、とびだせ!,Urusei Yatsura Special: It&#039;s Spring! Take Off!,https://myanimelist.cdn-dena.com/images/anime/10/88001.jpg,Special,Manga,1,Finished Airing,False,"Mar 31, 1982","{'from': '1982-03-31', 'to': '1982-03-31'}",44 min.,PG-13 - Teens 13 or older,6.89,923,3974.0,6534,2329,1,,,,"{'Parent story': [{'mal_id': 1293, 'type': 'anime', 'url': 'https://myanimelist.net/anime/1293/Urusei_Yatsura', 'title': 'Urusei Yatsura'}]}",,,Studio Pierrot,"Action, Sci-Fi, Adventure, Comedy, Drama, Romance",[],[],44.0,1982.0,6.901113216667895,984,0.7968739336957573,0.5831127580730545,0.015922166612095983,0.46064992326569965
21479,Metal Fight Beyblade Zero G Specials,,メタルファイト ベイブレード ZEROG,"Metal Fight Beyblade Zero G OAD, Metal Fight Beyblade Zero G OVA",https://myanimelist.cdn-dena.com/images/anime/7/56677.jpg,Special,Manga,7,Finished Airing,False,"Aug 27, 2013 to Sep 25, 2013","{'from': '2013-08-27', 'to': '2013-09-25'}",25 min. per ep.,PG-13 - Teens 13 or older,6.21,449,6723.0,7528,1450,1,,,,"{'Prequel': [{'mal_id': 13231, 'type': 'anime', 'url': 'https://myanimelist.net/anime/13231/Metal_Fight_Beyblade_Zero_G', 'title': 'Metal Fight Beyblade Zero G'}]}",,,"Tatsunoko Production, SynergySP","Adventure, Sports","['""ZEROG Bey! Go! (ZEROG ベイ！ゴー!)"" by YU+KI']","['""Ue wo Muite Waratte We Go! (上を向いて笑って We Go！)"" by YCHRO (Yuya Karasawa & YU+KI 【唐澤有弥＆YU+KI】)']",25.0,2013.0,6.354569800821961,609,0.7765889887706476,0.6051702841009353,0.01323728892838767,0.46034886539399034
24275,Medamayaki no Kimi Itsu Tsubusu?,,目玉焼きの黄身 いつつぶす？,,https://myanimelist.cdn-dena.com/images/anime/9/62711.jpg,Special,Manga,4,Finished Airing,False,"Aug 5, 2014 to Aug 8, 2014","{'from': '2014-08-05', 'to': '2014-08-08'}",18 min. per ep.,G - All Ages,5.92,161,7526.0,8668,811,0,,,,"{'Adaptation': [{'mal_id': 79105, 'type': 'manga', 'url': 'https://myanimelist.net/manga/79105/Medamayaki_no_Kimi_Itsu_Tsubusu', 'title': 'Medamayaki no Kimi Itsu Tsubusu?'}]}",NHK,,Fanworks,"Comedy, Seinen",[],"['""Jirou no Ballad (二郎のバラード)"" by Gou Oohinata']",18.0,2014.0,6.335206209391789,262,0.9034098697648028,0.484471501676372,0.00420973852846251,0.45939006628998025
22695,Dragon Ball Z: Summer Vacation Special,,極限バトル!!三大超サイヤ人　スペシャル,"Kyokugen Batoru!! San Dai Sūpā Saiya-jin　Supesharu, Kyokugen Batoru! ! San Dai Chō Saiyahito Supesharu, Extreme Battle!! The Three Great Super Saiyans – Special, Dragon Ball Z: Movie Overview Special",https://myanimelist.cdn-dena.com/images/anime/7/60343.jpg,Special,Manga,1,Finished Airing,False,"Jul, 1992","{'from': None, 'to': None}",43 min.,PG-13 - Teens 13 or older,6.9,2497,3907.0,4409,6411,3,,,,"{'Full story': [{'mal_id': 502, 'type': 'anime', 'url': 'https://myanimelist.net/anime/502/Dragon_Ball_Movie_1__Shen_Long_no_Densetsu', 'title': 'Dragon Ball Movie 1: Shen Long no Densetsu'}, {'mal_id': 891, 'type': 'anime', 'url': 'https://myanimelist.net/anime/891/Dragon_Ball_Movie_2__Majinjou_no_Nemuri_Hime', 'title': 'Dragon Ball Movie 2: Majinjou no Nemuri Hime'}, {'mal_id': 892, 'type': 'anime', 'url': 'https://myanimelist.net/anime/892/Dragon_Ball_Movie_3__Makafushigi_Daibouken', 'title': 'Dragon Ball Movie 3: Makafushigi Daibouken'}, {'mal_id': 894, 'type': 'anime', 'url': 'https://myanimelist.net/anime/894/Dragon_Ball_Z_Movie_01__Ora_no_Gohan_wo_Kaese', 'title': 'Dragon Ball Z Movie 01: Ora no Gohan wo Kaese!!'}, {'mal_id': 895, 'type': 'anime', 'url': 'https://myanimelist.net/anime/895/Dragon_Ball_Z_Movie_02__Kono_Yo_de_Ichiban_Tsuyoi_Yatsu', 'title': 'Dragon Ball Z Movie 02: Kono Yo de Ichiban Tsuyoi Yatsu'}, {'mal_id': 896, 'type': 'anime', 'url': 'https://myanimelist.net/anime/896/Dragon_Ball_Z_Movie_03__Chikyuu_Marugoto_Choukessen', 'title': 'Dragon Ball Z Movie 03: Chikyuu Marugoto Choukessen'}, {'mal_id': 897, 'type': 'anime', 'url': 'https://myanimelist.net/anime/897/Dragon_Ball_Z_Movie_04__Super_Saiyajin_da_Son_Gokuu', 'title': 'Dragon Ball Z Movie 04: Super Saiyajin da Son Gokuu'}, {'mal_id': 898, 'type': 'anime', 'url': 'https://myanimelist.net/anime/898/Dragon_Ball_Z_Movie_05__Tobikkiri_no_Saikyou_tai_Saikyou', 'title': 'Dragon Ball Z Movie 05: Tobikkiri no Saikyou tai Saikyou'}, {'mal_id': 899, 'type': 'anime', 'url': 'https://myanimelist.net/anime/899/Dragon_Ball_Z_Movie_06__Gekitotsu_100-oku_Power_no_Senshi-tachi', 'title': 'Dragon Ball Z Movie 06: Gekitotsu!! 100-oku Power no Senshi-tachi'}, {'mal_id': 900, 'type': 'anime', 'url': 'https://myanimelist.net/anime/900/Dragon_Ball_Z_Movie_07__Kyokugen_Battle_Sandai_Super_Saiyajin', 'title': 'Dragon Ball Z Movie 07: Kyokugen Battle!! Sandai Super Saiyajin'}], 'Side story': [{'mal_id': 813, 'type': 'anime', 'url': 'https://myanimelist.net/anime/813/Dragon_Ball_Z', 'title': 'Dragon Ball Z'}]}",,,Toei Animation,"Action, Adventure, Comedy, Super Power, Martial Arts, Fantasy, Shounen",[],[],43.0,1992.0,6.903992614806028,2087,0.7361711733526219,0.6471678136580201,0.007446559708124796,0.4589592304171931
399,Seikai no Senki Special,,星界の戦旗 特別編,"Seikai no Senki Movie, Battle Flag of the Stars Special Edition, Seikai no Senki Tokubetsuhen",https://myanimelist.cdn-dena.com/images/anime/3/2754.jpg,Special,Light novel,1,Finished Airing,False,"Jul 4, 2001","{'from': '2001-07-04', 'to': '2001-07-04'}",2 hr.,PG-13 - Teens 13 or older,7.42,916,1907.0,6393,2491,2,,,,"{'Adaptation': [{'mal_id': 11039, 'type': 'manga', 'url': 'https://myanimelist.net/manga/11039/Seikai_no_Senki', 'title': 'Seikai no Senki'}], 'Full story': [{'mal_id': 396, 'type': 'anime', 'url': 'https://myanimelist.net/anime/396/Seikai_no_Senki', 'title': 'Seikai no Senki'}]}","Bandai Visual, WOWOW, BeSTACK",,Sunrise,"Action, Military, Romance, Sci-Fi, Space",[],[],120.0,2001.0,7.3790244297748595,1037,0.8417251133718551,0.5429680607023116,0.002918752046400674,0.4579119356197872
16001,Kokoro Connect: Michi Random,Kokoro Connect OVA,ココロコネクト ミチランダム,"Kokoro Connect Episodes 14, 15, 16, and 17, Kokoroco: Michi Random",https://myanimelist.cdn-dena.com/images/anime/10/45526.jpg,Special,Light novel,4,Finished Airing,False,"Nov 19, 2012 to Dec 10, 2012","{'from': '2012-11-19', 'to': '2012-12-10'}",27 min. per ep.,PG-13 - Teens 13 or older,8.13,96552,401.0,585,142704,620,"Episodes 14 and 15 aired at a special event at Cinemart Shinjuku from November 19 to 25, 2012. Episodes 16 and 17 aired at a special event at Cinemart Shinjuku from December 10 to 16. All four episodes aired on AT-X on December 30.The first and second pairs of episodes will subsequently be released on Blu-ray on March 27 and April 17, 2013.",,,"{'Adaptation': [{'mal_id': 24380, 'type': 'manga', 'url': 'https://myanimelist.net/manga/24380/Kokoro_Connect', 'title': 'Kokoro Connect'}], 'Prequel': [{'mal_id': 11887, 'type': 'anime', 'url': 'https://myanimelist.net/anime/11887/Kokoro_Connect', 'title': 'Kokoro Connect'}]}","Starchild Records, Enterbrain",Sentai Filmworks,Silver Link.,"Comedy, Drama, Romance, School, Slice of Life, Supernatural","['""Kimi Rhythm (キミリズム)"" by Masaki Imai']","['""I Scream Chocolatl"" by Team.Nekokan [Neko] featuring. Lia']",27.0,2012.0,8.128834673060581,7597,0.7506704445905132,0.6328745367919535,0.003657795032508537,0.45777691621694183
1709,Pokemon: Mewtwo! Ware wa Koko ni Ari,Pokemon: Mewtwo Returns,ポケットモンスター ミュウツー! 我ハココニ在リ,Pocket Monsters: Myuutsu! I Exist Here,https://myanimelist.cdn-dena.com/images/anime/7/87922.jpg,Special,Game,1,Finished Airing,False,"Dec 30, 2000","{'from': '2000-12-30', 'to': '2000-12-30'}",1 hr. 15 min.,PG - Children,7.14,29716,3050.0,1579,47850,28,,,,"{'Parent story': [{'mal_id': 527, 'type': 'anime', 'url': 'https://myanimelist.net/anime/527/Pokemon', 'title': 'Pokemon'}], 'Prequel': [{'mal_id': 528, 'type': 'anime', 'url': 'https://myanimelist.net/anime/528/Pokemon__Mewtwo_no_Gyakushuu', 'title': 'Pokemon: Mewtwo no Gyakushuu'}]}",Studio Jack,"4Kids Entertainment, Warner Bros.",OLM,"Action, Adventure, Comedy, Drama, Fantasy, Kids",['&#039;&#039;OK!&#039;&#039; by Rika Matsumoto'],"['""Boku no Best Friend e (ぼくのベストフレンドへ)"" by Iwasaki Hiromi']",75.0,2000.0,7.139542823338182,5260,0.7651358821063943,0.6161108170107641,0.0035548903129238975,0.45698452451192717
3019,Lupin III: Kiri no Elusive,Lupin III: Elusiveness of the Fog,ルパン三世 霧のエリューシヴ,"Lupin III: Elusiveness of the Fog, Rupan Sansei: Kiri no Elusive",https://myanimelist.cdn-dena.com/images/anime/6/34793.jpg,Special,Manga,1,Finished Airing,False,"Jul 27, 2007","{'from': '2007-07-27', 'to': '2007-07-27'}",1 hr. 32 min.,PG-13 - Teens 13 or older,6.99,1365,3605.0,5736,3329,0,,,,"{'Parent story': [{'mal_id': 1412, 'type': 'anime', 'url': 'https://myanimelist.net/anime/1412/Lupin_III', 'title': 'Lupin III'}]}",,,TMS Entertainment,"Action, Adventure, Mystery, Comedy, Seinen",[],"['""Lupin Sansei Ai no Theme (ルパン三世愛のテーマ)"" by Miki Aimai']",92.0,2007.0,6.990934348567412,1328,0.7333201081518641,0.6470795835539086,0.0017680901819542543,0.45611536802294994
19029,Yuyushiki: Nyanyashiki,,ゆゆ式　にゃにゃ式,,https://myanimelist.cdn-dena.com/images/anime/6/51019.jpg,Special,4-koma manga,6,Finished Airing,False,"May 29, 2013 to Oct 23, 2013","{'from': '2013-05-29', 'to': '2013-10-23'}",2 min. per ep.,PG-13 - Teens 13 or older,6.31,4009,6372.0,3881,8798,3,,,,"{'Parent story': [{'mal_id': 15911, 'type': 'anime', 'url': 'https://myanimelist.net/anime/15911/Yuyushiki', 'title': 'Yuyushiki'}], 'Other': [{'mal_id': 33035, 'type': 'anime', 'url': 'https://myanimelist.net/anime/33035/Yuyushiki__Komarasetari_Komarasaretari', 'title': 'Yuyushiki: Komarasetari, Komarasaretari'}]}",,,Kinema Citrus,Comedy,[],[],2.0,2013.0,6.326882166135618,2495,0.750673541558053,0.625198517734251,0.0014313110996772534,0.4545101122293538
36542,Boku wa Robot-goshi no Kimi ni Koi wo Suru,I fall in love with you through a robot,僕はロボットごしの君に恋をする,,https://myanimelist.cdn-dena.com/images/anime/4/88801.jpg,Special,Novel,1,Finished Airing,False,"Oct 21, 2017","{'from': '2017-10-21', 'to': '2017-10-21'}",1 min.,PG-13 - Teens 13 or older,6.48,328,5667.0,7036,1851,4,,,,"{'Other': [{'mal_id': 37839, 'type': 'anime', 'url': 'https://myanimelist.net/anime/37839/Boku_wa_Robot-goshi_no_Kimi_ni_Koi_wo_Suru_Movie', 'title': 'Boku wa Robot-goshi no Kimi ni Koi wo Suru Movie'}]}",Kawade Shobo Shinsha,,A-1 Pictures,"Sci-Fi, Romance",[],[],1.0,2017.0,6.602357057596395,784,0.8200184759695963,0.5468501852832187,0.006202348098601432,0.4531134330859674
2336,Hikaru no Go: New Year Special,,ヒカルの碁 お正月スペシャル,,https://myanimelist.cdn-dena.com/images/anime/11/60751.jpg,Special,Manga,1,Finished Airing,False,"Jan 1, 2002","{'from': '2002-01-01', 'to': '2002-01-01'}",24 min.,G - All Ages,7.42,4167,1935.0,4019,8042,5,,,,"{'Full story': [{'mal_id': 135, 'type': 'anime', 'url': 'https://myanimelist.net/anime/135/Hikaru_no_Go', 'title': 'Hikaru no Go'}]}",,,Studio Pierrot,"Game, Comedy, Supernatural, Shounen","['""Get Over"" by Dream']","['""Everlasting Snow"" by Dream']",24.0,2002.0,7.410243454570249,2389,0.7693456740483189,0.5984647961884595,0.003929089293231676,0.45267405464490335
3219,Gakuen Utopia Manabi Straight! Special,,がくえんゆーとぴあ まなびストレート！,"Gakuen Utopia Manabi Straight! Episode 6.5, Gakuen Utopia Manabi Straight! OVA",https://myanimelist.cdn-dena.com/images/anime/8/26354.jpg,Special,Original,1,Finished Airing,False,"Oct 10, 2007","{'from': '2007-10-10', 'to': '2007-10-10'}",24 min.,G - All Ages,7.18,2725,2887.0,4782,5291,1,,,,"{'Parent story': [{'mal_id': 1858, 'type': 'anime', 'url': 'https://myanimelist.net/anime/1858/Gakuen_Utopia_Manabi_Straight', 'title': 'Gakuen Utopia Manabi Straight!'}]}",Starchild Records,,ufotable,"Comedy, School, Sci-Fi, Slice of Life","['""A Happy Life"" by Megumi Hayashibara']","['""Lucky & Happy"" by Megumi Hayashibara']",24.0,2007.0,7.173758874566817,1848,0.7376086647614328,0.6214046232574555,0.00395715421675476,0.4497802459377622
34812,ViVid Strike! Specials,,ViVid Strike！新作OVA,ViVid Strike! OVA,https://myanimelist.cdn-dena.com/images/anime/9/84018.jpg,Special,Original,3,Finished Airing,False,"Jan 25, 2017 to Mar 29, 2017","{'from': '2017-01-25', 'to': '2017-03-29'}",14 min. per ep.,PG-13 - Teens 13 or older,6.8,1293,4343.0,5389,3869,7,,,,"{'Parent story': [{'mal_id': 33589, 'type': 'anime', 'url': 'https://myanimelist.net/anime/33589/ViVid_Strike', 'title': 'ViVid Strike!'}]}",,,Seven Arcs Pictures,"Action, Drama, Magic",[],[],14.0,2017.0,6.814622268952805,1517,0.7391007900810944,0.62166931356979,0.0010571121193694748,0.4494029812041838
24695,Gokukoku no Brynhildr Special,Brynhildr in the Darkness Special,極黒のブリュンヒルデ,Gokukoku no Brynhildr Episode 11.5,https://myanimelist.cdn-dena.com/images/anime/9/68045.jpg,Special,Manga,1,Finished Airing,False,"Sep 24, 2014","{'from': '2014-09-24', 'to': '2014-09-24'}",20 min.,R+ - Mild Nudity,6.65,15057,4964.0,2241,27216,19,,,,"{'Adaptation': [{'mal_id': 34377, 'type': 'manga', 'url': 'https://myanimelist.net/manga/34377/Gokukoku_no_Brynhildr', 'title': 'Gokukoku no Brynhildr'}], 'Parent story': [{'mal_id': 21431, 'type': 'anime', 'url': 'https://myanimelist.net/anime/21431/Gokukoku_no_Brynhildr', 'title': 'Gokukoku no Brynhildr'}]}",VAP,Sentai Filmworks,Arms,"Comedy, Ecchi, Harem, Sci-Fi, Seinen","['""BRYNHILDR IN THE DARKNESS -Ver. EJECTED-"" by Nao Tokisawa (鴇沢 直)']","['""Ichiban Boshi (いちばん星)"" by Neko Kuroha (CV: Risa Taneda), Kana Tachibana (CV: Aya Suzaki), Kazumi Schlierenzauer (CV: MAO), Kotori Takatori (CV: Azusa Tadokoro)']",20.0,2014.0,6.652333497436911,4204,0.7723127277288249,0.5841715193223929,0.004845876794985734,0.44923894086924715
31617,Ghost in the Shell: The New Movie Virtual Reality Diver,,攻殻機動隊 新劇場版 Virtual Reality Diver,Koukaku Kidoutai: Shin Gekijou-ban Virtual Reality Diver,https://myanimelist.cdn-dena.com/images/anime/4/76203.jpg,Special,Manga,1,Finished Airing,False,"Jun 30, 2016","{'from': '2016-06-30', 'to': '2016-06-30'}",10 min.,R+ - Mild Nudity,6.7,231,4752.0,5666,3428,6,,,,"{'Other': [{'mal_id': 27411, 'type': 'anime', 'url': 'https://myanimelist.net/anime/27411/Ghost_in_the_Shell_2015', 'title': 'Ghost in the Shell (2015)'}]}",,,Production I.G,"Police, Sci-Fi, Seinen",[],[],10.0,2016.0,6.791748702873888,1379,0.8343935359664685,0.5156167284277395,0.009036905374432856,0.44848556602365147
10302,Pokemon Diamond & Pearl Specials,,ポケットモンスター ダイヤモンド・パール 特別編,"Pocket Monsters Diamond and Pearl Tokubetsu-hen, Pokemon: Battle Dimension, Pokémon Diamond & Pearl: Battle Dimension, Pokémon Diamond, Pearl & Platinum, Pokémon: Diamond and Pearl Platinum",https://myanimelist.cdn-dena.com/images/anime/11/28340.jpg,Special,Game,2,Finished Airing,False,"Feb 3, 2011","{'from': '2011-02-03', 'to': '2011-02-03'}",24 min. per ep.,PG - Children,7.12,3541,3138.0,4150,7515,4,,,,"{'Parent story': [{'mal_id': 1565, 'type': 'anime', 'url': 'https://myanimelist.net/anime/1565/Pokemon_Diamond___Pearl', 'title': 'Pokemon Diamond & Pearl'}]}",,,OLM,"Action, Comedy, Fantasy, Kids",[],[],24.0,2011.0,7.116805498668294,2284,0.8299816810166871,0.5178224810305276,0.0023106787034005336,0.44553789744770306
659,Azumanga Daioh: Gekijou Tanpen,,あずまんが大王（劇場短編）,"Azumanga Daiou: The Very Short Movie, Azumanga Daioh: The Very Short Movie",https://myanimelist.cdn-dena.com/images/anime/12/59965.jpg,Special,4-koma manga,1,Finished Airing,False,"Dec 25, 2001","{'from': '2001-12-25', 'to': '2001-12-25'}",6 min.,G - All Ages,7.09,18353,3224.0,2061,31401,20,,,,"{'Parent story': [{'mal_id': 66, 'type': 'anime', 'url': 'https://myanimelist.net/anime/66/Azumanga_Daioh', 'title': 'Azumanga Daioh'}]}",Kadokawa Shoten,ADV Films,J.C.Staff,"Comedy, School, Slice of Life",[],"['""Sarabai! (See You Adieu!)"" by Tomoko Kaneda']",6.0,2001.0,7.0895322614562,4454,0.7130421028080112,0.6305805540850539,0.00588427896533982,0.4453372888332736
